Date,Day,Showtime,Film Title,Film Year,Venue
2021-02-24,Wed,7:00 PM,Soleil Ô (1967),1967,Trylon Cinema
2021-05-28,Fri,7:00 PM,Playtime (1967),1967,Trylon Cinema
2021-05-29,Sat,7:00 PM,Playtime (1967),1967,Trylon Cinema
2021-05-30,Sun,7:00 PM,Playtime (1967),1967,Trylon Cinema
2021-05-31,Mon,7:00 PM,Playtime (1967),1967,Trylon Cinema
2021-06-01,Tue,7:00 PM,Playtime (1967),1967,Trylon Cinema
2021-07-29,Thu,7:00 PM,Safe (1995),1995,Trylon Cinema
2021-08-13,Fri,7:00 PM,Night Moves (1975),1975,Trylon Cinema
2021-08-14,Sat,7:00 PM,Night Moves (1975),1975,Trylon Cinema
2021-08-15,Sun,7:00 PM,Night Moves (1975),1975,Trylon Cinema
2021-08-16,Mon,7:00 PM,Night Moves (1975),1975,Trylon Cinema
2021-08-17,Tue,7:00 PM,Night Moves (1975),1975,Trylon Cinema
2021-09-24,Fri,7:00 PM,Sherlock Jr. (1924) / Rumble in the Bronx (1995),1924/1995,Trylon Cinema
2021-09-25,Sat,7:00 PM,Sherlock Jr. (1924) / Rumble in the Bronx (1995),1924/1995,Trylon Cinema
2021-09-26,Sun,7:00 PM,Sherlock Jr. (1924) / Rumble in the Bronx (1995),1924/1995,Trylon Cinema
2021-09-26,Sun,7:00 PM,Mikey and Nicky (1976),1976,Trylon Cinema
2021-09-27,Mon,7:00 PM,Mikey and Nicky (1976),1976,Trylon Cinema
2021-09-28,Tue,7:00 PM,Mikey and Nicky (1976),1976,Trylon Cinema
2021-10-03,Sun,7:00 PM,Squirm (1976),1976,Trylon Cinema
2021-10-04,Mon,7:00 PM,Squirm (1976),1976,Trylon Cinema
2021-10-05,Tue,7:00 PM,Squirm (1976),1976,Trylon Cinema
2021-10-31,Sun,7:00 PM,Nosferatu the Vampyre (1979),1979,Trylon Cinema
2021-11-01,Mon,7:00 PM,Nosferatu the Vampyre (1979),1979,Trylon Cinema
2021-11-02,Tue,7:00 PM,Nosferatu the Vampyre (1979),1979,Trylon Cinema
2021-11-19,Fri,7:00 PM,Fitzcarraldo (1982),1982,Trylon Cinema
2021-11-20,Sat,7:00 PM,Fitzcarraldo (1982),1982,Trylon Cinema
2021-11-21,Sun,7:00 PM,Fitzcarraldo (1982),1982,Trylon Cinema
2021-11-26,Fri,7:00 PM,Stroszek (1977),1977,Trylon Cinema
2021-11-27,Sat,7:00 PM,Stroszek (1977),1977,Trylon Cinema
2021-11-28,Sun,7:00 PM,Stroszek (1977),1977,Trylon Cinema
2021-12-31,Fri,7:00 PM,Possession (1981),1981,Trylon Cinema
2022-01-01,Sat,7:00 PM,Possession (1981),1981,Trylon Cinema
2022-01-02,Sun,7:00 PM,Possession (1981),1981,Trylon Cinema
2022-01-21,Fri,7:00 PM,I Know Where I'm Going! (1945),1945,Trylon Cinema
2022-01-22,Sat,7:00 PM,I Know Where I'm Going! (1945),1945,Trylon Cinema
2022-01-23,Sun,7:00 PM,I Know Where I'm Going! (1945),1945,Trylon Cinema
2022-01-28,Fri,7:00 PM,Filibus: The Mysterious Air Pirate (1915),1915,Trylon Cinema
2022-01-29,Sat,7:00 PM,Filibus: The Mysterious Air Pirate (1915),1915,Trylon Cinema
2022-01-30,Sun,7:00 PM,Filibus: The Mysterious Air Pirate (1915),1915,Trylon Cinema
2022-02-20,Sun,7:00 PM,The Third Man (1949),1949,Trylon Cinema
2022-02-21,Mon,7:00 PM,The Third Man (1949),1949,Trylon Cinema
2022-02-22,Tue,7:00 PM,The Third Man (1949),1949,Trylon Cinema
2022-03-11,Fri,7:00 PM,Les Diaboliques (1955),1955,Trylon Cinema
2022-03-12,Sat,7:00 PM,Les Diaboliques (1955),1955,Trylon Cinema
2022-03-13,Sun,7:00 PM,Les Diaboliques (1955),1955,Trylon Cinema
2022-03-13,Sun,7:00 PM,Perfect Blue (1997),1997,Trylon Cinema
2022-03-14,Mon,7:00 PM,Perfect Blue (1997),1997,Trylon Cinema
2022-03-15,Tue,7:00 PM,Perfect Blue (1997),1997,Trylon Cinema
2022-03-27,Sun,7:00 PM,Millennium Actress (2001),2001,Trylon Cinema
2022-03-28,Mon,7:00 PM,Millennium Actress (2001),2001,Trylon Cinema
2022-03-29,Tue,7:00 PM,Millennium Actress (2001),2001,Trylon Cinema
2022-04-08,Fri,7:00 PM,Arrebato (1979),1979,Trylon Cinema
2022-04-09,Sat,7:00 PM,Arrebato (1979),1979,Trylon Cinema
2022-04-10,Sun,7:00 PM,Arrebato (1979),1979,Trylon Cinema
2023-01-01,Sun,7:30 PM,Ghost in the Shell (1995),,Trylon Cinema
2023-01-02,Mon,7:00 PM,Ghost in the Shell (1995),,Trylon Cinema
2023-01-02,Mon,8:45 PM,Ghost in the Shell (1995),,Trylon Cinema
2023-01-03,Tue,7:00 PM,Ghost in the Shell (1995),,Trylon Cinema
2023-01-03,Tue,8:45 PM,Ghost in the Shell (1995),,Trylon Cinema
2023-01-05,Thu,7:00 PM,Ghost in the Shell (1995),,Trylon Cinema
2023-01-06,Fri,7:00 PM,Pulse (2001),,Trylon Cinema
2023-01-06,Fri,9:30 PM,The Rover (2014),,Trylon Cinema
2023-01-07,Sat,9:15 PM,Pulse (2001),,Trylon Cinema
2023-01-07,Sat,7:00 PM,The Rover (2014),,Trylon Cinema
2023-01-08,Sun,3:00 PM,Pulse (2001),,Trylon Cinema
2023-01-08,Sun,5:30 PM,The Rover (2014),,Trylon Cinema
2023-01-08,Sun,7:45 PM,Children of Men (2006),,Trylon Cinema
2023-01-09,Mon,7:00 PM,Children of Men (2006),,Trylon Cinema
2023-01-09,Mon,9:15 PM,Children of Men (2006),,Trylon Cinema
2023-01-10,Tue,7:00 PM,Children of Men (2006),,Trylon Cinema
2023-01-10,Tue,9:15 PM,Children of Men (2006),,Trylon Cinema
2023-01-13,Fri,7:00 PM,War of the Worlds (2005),,Trylon Cinema
2023-01-13,Fri,9:30 PM,War of the Worlds (2005),,Trylon Cinema
2023-01-14,Sat,9:30 PM,War of the Worlds (2005),,Trylon Cinema
2023-01-14,Sat,7:00 PM,War of the Worlds (2005),,Trylon Cinema
2023-01-15,Sun,3:00 PM,War of the Worlds (2005),,Trylon Cinema
2023-01-15,Sun,5:30 PM,War of the Worlds (2005),,Trylon Cinema
2023-01-15,Sun,8:00 PM,A.I. Artificial Intelligence (2001),,Trylon Cinema
2023-01-16,Mon,7:00 PM,A.I. Artificial Intelligence (2001),,Trylon Cinema
2023-01-17,Tue,7:00 PM,A.I. Artificial Intelligence (2001),,Trylon Cinema
2023-01-20,Fri,7:00 PM,WALL·E (2008),,Trylon Cinema
2023-01-20,Fri,9:00 PM,World of Tomorrow: The First Three Episodes,,Trylon Cinema
2023-01-21,Sat,8:45 PM,WALL·E (2008),,Trylon Cinema
2023-01-21,Sat,7:00 PM,World of Tomorrow: The First Three Episodes,,Trylon Cinema
2023-01-22,Sun,3:00 PM,WALL·E (2008),,Trylon Cinema
2023-01-22,Sun,5:15 PM,World of Tomorrow: The First Three Episodes,,Trylon Cinema
2023-01-22,Sun,7:00 PM,Mad Max: Fury Road (2015),,Trylon Cinema
2023-01-23,Mon,7:00 PM,Mad Max: Fury Road (2015),,Trylon Cinema
2023-01-23,Mon,9:30 PM,Mad Max: Fury Road (2015),,Trylon Cinema
2023-01-24,Tue,7:00 PM,Mad Max: Fury Road (2015),,Trylon Cinema
2023-01-24,Tue,9:30 PM,Mad Max: Fury Road (2015),,Trylon Cinema
2023-01-27,Fri,7:00 PM,Looper (2012),,Trylon Cinema
2023-01-27,Fri,9:30 PM,Ex Machina (2014),,Trylon Cinema
2023-01-28,Sat,9:15 PM,Looper (2012),,Trylon Cinema
2023-01-28,Sat,7:00 PM,Ex Machina (2014),,Trylon Cinema
2023-01-29,Sun,3:00 PM,Looper (2012),,Trylon Cinema
2023-01-29,Sun,5:30 PM,Ex Machina (2014),,Trylon Cinema
2023-01-29,Sun,7:45 PM,Edge of Tomorrow (2014),,Trylon Cinema
2023-01-30,Mon,7:00 PM,Edge of Tomorrow (2014),,Trylon Cinema
2023-01-30,Mon,9:15 PM,Edge of Tomorrow (2014),,Trylon Cinema
2023-01-31,Tue,7:00 PM,Edge of Tomorrow (2014),,Trylon Cinema
2023-01-31,Tue,9:15 PM,Edge of Tomorrow (2014),,Trylon Cinema
2023-06-02,Fri,7:00 PM,Lady Snowblood (1973),1973,Trylon Cinema
2023-06-02,Fri,9:00 PM,Lady Snowblood (1973),1973,Trylon Cinema
2023-06-03,Sat,7:00 PM,Lady Snowblood (1973),1973,Trylon Cinema
2023-06-03,Sat,9:00 PM,Lady Snowblood (1973),1973,Trylon Cinema
2023-06-04,Sun,3:00 PM,Lady Snowblood (1973),1973,Trylon Cinema
2023-06-04,Sun,5:00 PM,Lady Snowblood (1973),1973,Trylon Cinema
2023-06-09,Fri,7:00 PM,Point Blank (1967),1967,Trylon Cinema
2023-06-09,Fri,9:00 PM,Point Blank (1967),1967,Trylon Cinema
2023-06-10,Sat,7:00 PM,Point Blank (1967),1967,Trylon Cinema
2023-06-10,Sat,9:00 PM,Point Blank (1967),1967,Trylon Cinema
2023-06-11,Sun,3:00 PM,Point Blank (1967),1967,Trylon Cinema
2023-06-11,Sun,5:00 PM,Point Blank (1967),1967,Trylon Cinema
2023-06-16,Fri,7:00 PM,Inglourious Basterds (2009),2009,Trylon Cinema
2023-06-17,Sat,7:00 PM,Inglourious Basterds (2009),2009,Trylon Cinema
2023-06-18,Sun,3:00 PM,Inglourious Basterds (2009),2009,Trylon Cinema
2023-06-18,Sun,6:00 PM,Inglourious Basterds (2009),2009,Trylon Cinema
2023-06-23,Fri,7:00 PM,Underworld U.S.A. (1961),1961,Trylon Cinema
2023-06-23,Fri,9:00 PM,The Crow (1994),1994,Trylon Cinema
2023-06-24,Sat,9:15 PM,Underworld U.S.A. (1961),1961,Trylon Cinema
2023-06-24,Sat,7:00 PM,The Crow (1994),1994,Trylon Cinema
2023-06-25,Sun,3:00 PM,Underworld U.S.A. (1961),1961,Trylon Cinema
2023-06-25,Sun,5:00 PM,The Crow (1994),1994,Trylon Cinema
2023-06-30,Fri,7:00 PM,Sympathy for Mr. Vengeance (2002),2002,Trylon Cinema
2023-06-30,Fri,9:30 PM,Sympathy for Mr. Vengeance (2002),2002,Trylon Cinema
2023-07-01,Sat,7:00 PM,Sympathy for Mr. Vengeance (2002),2002,Trylon Cinema
2023-07-01,Sat,9:30 PM,Sympathy for Mr. Vengeance (2002),2002,Trylon Cinema
2023-07-02,Sun,5:45 PM,Sympathy for Mr. Vengeance (2002),2002,Trylon Cinema
2023-07-02,Sun,8:15 PM,Sympathy for Mr. Vengeance (2002),2002,Trylon Cinema
2023-10-01,Sun,7:30 PM,Candyman (1992),1992,Trylon Cinema
2023-10-02,Mon,7:00 PM,Candyman (1992),1992,Trylon Cinema
2023-10-02,Mon,9:15 PM,Candyman (1992),1992,Trylon Cinema
2023-10-03,Tue,7:00 PM,Candyman (1992),1992,Trylon Cinema
2023-10-03,Tue,9:15 PM,Candyman (1992),1992,Trylon Cinema
2023-10-06,Fri,7:00 PM,Scream (1996),1996,Trylon Cinema
2023-10-06,Fri,9:15 PM,Scream 2 (1997),1997,Trylon Cinema
2023-10-07,Sat,9:30 PM,Scream (1996),1996,Trylon Cinema
2023-10-07,Sat,7:00 PM,Scream 2 (1997),1997,Trylon Cinema
2023-10-08,Sun,3:00 PM,Scream (1996),1996,Trylon Cinema
2023-10-08,Sun,5:15 PM,Scream 2 (1997),1997,Trylon Cinema
2023-10-08,Sun,7:45 PM,Cure (1997),1997,Trylon Cinema
2023-10-09,Mon,7:00 PM,Cure (1997),1997,Trylon Cinema
2023-10-09,Mon,9:15 PM,Cure (1997),1997,Trylon Cinema
2023-10-10,Tue,9:15 PM,Cure (1997),1997,Trylon Cinema
2023-10-10,Tue,7:00 PM,Cure (1997),1997,Trylon Cinema
2023-10-15,Sun,5:00 PM,The Vanishing (1988),1988,Trylon Cinema
2023-10-15,Sun,7:00 PM,The Vanishing (1988),1988,Trylon Cinema
2023-10-16,Mon,7:00 PM,The Vanishing (1988),1988,Trylon Cinema
2023-10-16,Mon,9:00 PM,The Vanishing (1988),1988,Trylon Cinema
2023-10-17,Tue,7:00 PM,The Vanishing (1988),1988,Trylon Cinema
2023-10-17,Tue,9:00 PM,The Vanishing (1988),1988,Trylon Cinema
2023-10-20,Fri,7:00 PM,Bram Stoker's Dracula (1992),1992,Trylon Cinema
2023-10-20,Fri,9:30 PM,Bram Stoker's Dracula (1992),1992,Trylon Cinema
2023-10-21,Sat,7:00 PM,Bram Stoker's Dracula (1992),1992,Trylon Cinema
2023-10-21,Sat,9:30 PM,Bram Stoker's Dracula (1992),1992,Trylon Cinema
2023-10-22,Sun,3:00 PM,Bram Stoker's Dracula (1992),1992,Trylon Cinema
2023-10-22,Sun,5:30 PM,Bram Stoker's Dracula (1992),1992,Trylon Cinema
2023-10-22,Sun,8:15 PM,The Blair Witch Project (1999),1999,Trylon Cinema
2023-10-23,Mon,7:00 PM,The Blair Witch Project (1999),1999,Trylon Cinema
2023-10-23,Mon,8:45 PM,The Blair Witch Project (1999),1999,Trylon Cinema
2023-10-24,Tue,7:00 PM,The Blair Witch Project (1999),1999,Trylon Cinema
2023-10-24,Tue,8:45 PM,The Blair Witch Project (1999),1999,Trylon Cinema
2023-10-27,Fri,9:30 PM,The Silence of the Lambs (1991),1991,Trylon Cinema
2023-10-27,Fri,7:00 PM,The Silence of the Lambs (1991),1991,Trylon Cinema
2023-10-28,Sat,7:00 PM,The Silence of the Lambs (1991),1991,Trylon Cinema
2023-10-28,Sat,9:30 PM,The Silence of the Lambs (1991),1991,Trylon Cinema
2023-10-29,Sun,3:00 PM,The Silence of the Lambs (1991),1991,Trylon Cinema
2023-10-29,Sun,5:30 PM,Hausu (1977),1977,Trylon Cinema
2023-10-29,Sun,7:15 PM,Hausu (1977),1977,Trylon Cinema
2023-10-29,Sun,9:00 PM,Hausu (1977),1977,Trylon Cinema
2023-10-30,Mon,7:00 PM,Hausu (1977),1977,Trylon Cinema
2023-10-30,Mon,9:00 PM,Hausu (1977),1977,Trylon Cinema
2023-10-31,Tue,7:00 PM,Hausu (1977),1977,Trylon Cinema
2023-10-31,Tue,9:00 PM,Hausu (1977),1977,Trylon Cinema
2023-12-01,Fri,7:00 PM,Junk Head (2021),2021,Trylon Cinema
2023-12-02,Sat,7:00 PM,Junk Head (2021),2021,Trylon Cinema
2023-12-03,Sun,7:30 PM,To Live and Die in L.A. (1985),1985,Trylon Cinema
2023-12-03,Sun,7:00 PM,Junk Head (2021),2021,Trylon Cinema
2023-12-04,Mon,7:00 PM,To Live and Die in L.A. (1985),1985,Trylon Cinema
2023-12-04,Mon,9:15 PM,To Live and Die in L.A. (1985),1985,Trylon Cinema
2023-12-05,Tue,7:00 PM,To Live and Die in L.A. (1985),1985,Trylon Cinema
2023-12-05,Tue,9:15 PM,To Live and Die in L.A. (1985),1985,Trylon Cinema
2023-12-08,Fri,7:00 PM,"El Topo (1970, 50th Anniv.)",1970,Trylon Cinema
2023-12-08,Fri,9:15 PM,"El Topo (1970, 50th Anniv.)",1970,Trylon Cinema
2023-12-09,Sat,7:00 PM,"El Topo (1970, 50th Anniv.)",1970,Trylon Cinema
2023-12-09,Sat,9:15 PM,"El Topo (1970, 50th Anniv.)",1970,Trylon Cinema
2023-12-10,Sun,3:00 PM,"El Topo (1970, 50th Anniv.)",1970,Trylon Cinema
2023-12-10,Sun,5:15 PM,"El Topo (1970, 50th Anniv.)",1970,Trylon Cinema
2023-12-11,Mon,7:00 PM,The Shop Around the Corner (1940),1940,Trylon Cinema
2023-12-13,Wed,1:00 PM,The Shop Around the Corner (1940),1940,Trylon Cinema
2023-12-13,Wed,4:00 PM,The Shop Around the Corner (1940),1940,Trylon Cinema
2023-12-25,Mon,5:00 PM,Kiss Kiss Bang Bang (2005),2005,Trylon Cinema
2023-12-25,Mon,7:00 PM,Kiss Kiss Bang Bang (2005),2005,Trylon Cinema
2023-12-25,Mon,9:00 PM,Kiss Kiss Bang Bang (2005),2005,Trylon Cinema
2023-12-26,Tue,7:00 PM,Kiss Kiss Bang Bang (2005),2005,Trylon Cinema
2023-12-26,Tue,9:00 PM,Kiss Kiss Bang Bang (2005),2005,Trylon Cinema
2023-12-29,Fri,7:00 PM,Tampopo (1985),1985,Trylon Cinema
2023-12-29,Fri,9:15 PM,Tampopo (1985),1985,Trylon Cinema
2023-12-30,Sat,7:00 PM,Tampopo (1985),1985,Trylon Cinema
2023-12-30,Sat,9:15 PM,Tampopo (1985),1985,Trylon Cinema
2023-12-31,Sun,7:30 PM,Strange Days (1995),1995,Trylon Cinema
2023-12-31,Sun,3:00 PM,Tampopo (1985),1985,Trylon Cinema
2023-12-31,Sun,5:15 PM,Tampopo (1985),1985,Trylon Cinema
2024-01-01,Mon,7:00 PM,Strange Days (1995),1995,Trylon Cinema
2024-01-01,Mon,12:00 PM,Hard Eight (1996),,Heights Theater
2024-01-02,Tue,7:00 PM,Strange Days (1995),1995,Trylon Cinema
2024-01-07,Sun,7:00 PM,Memories of Murder (2003),,Trylon Cinema
2024-01-08,Mon,7:00 PM,Memories of Murder (2003),,Trylon Cinema
2024-01-08,Mon,9:30 PM,Memories of Murder (2003),,Trylon Cinema
2024-01-09,Tue,7:00 PM,Memories of Murder (2003),,Trylon Cinema
2024-01-09,Tue,9:30 PM,Memories of Murder (2003),,Trylon Cinema
2024-01-14,Sun,7:00 PM,Blade Runner: The Final Cut (1982),,Trylon Cinema
2024-01-15,Mon,7:00 PM,Blade Runner: The Final Cut (1982),,Trylon Cinema
2024-01-15,Mon,9:30 PM,Blade Runner: The Final Cut (1982),,Trylon Cinema
2024-01-16,Tue,7:00 PM,Blade Runner: The Final Cut (1982),,Trylon Cinema
2024-01-16,Tue,9:30 PM,Blade Runner: The Final Cut (1982),,Trylon Cinema
2024-01-17,Wed,9:00 PM,Blade Runner: The Final Cut (1982),,Trylon Cinema
2024-01-21,Sun,7:15 PM,Hard Eight (1996),,Trylon Cinema
2024-01-22,Mon,7:00 PM,Hard Eight (1996),,Trylon Cinema
2024-01-22,Mon,9:15 PM,Hard Eight (1996),,Trylon Cinema
2024-01-23,Tue,7:00 PM,Hard Eight (1996),,Trylon Cinema
2024-01-28,Sun,6:45 PM,Branded to Kill (1967),,Trylon Cinema
2024-01-29,Mon,7:00 PM,Branded to Kill (1967),,Trylon Cinema
2024-01-29,Mon,9:00 PM,Branded to Kill (1967),,Trylon Cinema
2024-01-30,Tue,7:00 PM,Branded to Kill (1967),,Trylon Cinema
2024-01-30,Tue,9:00 PM,Branded to Kill (1967),,Trylon Cinema
2024-02-01,Thu,7:30 PM,Chinatown (1974) — SOLD OUT,,Heights Theater
2024-02-04,Sun,8:30 PM,Blow Out (1981),,Trylon Cinema
2024-02-05,Mon,7:00 PM,Blow Out (1981),,Trylon Cinema
2024-02-05,Mon,9:15 PM,Blow Out (1981),,Trylon Cinema
2024-02-06,Tue,7:00 PM,Blow Out (1981),,Trylon Cinema
2024-02-06,Tue,9:15 PM,Blow Out (1981),,Trylon Cinema
2024-02-08,Thu,7:30 PM,Miller's Crossing (1990),,Heights Theater
2024-02-11,Sun,7:00 PM,Miami Blues (1990),,Trylon Cinema
2024-02-12,Mon,7:00 PM,Miami Blues (1990),,Trylon Cinema
2024-02-12,Mon,9:00 PM,Miami Blues (1990),,Trylon Cinema
2024-02-13,Tue,7:00 PM,Miami Blues (1990),,Trylon Cinema
2024-02-13,Tue,9:00 PM,Miami Blues (1990),,Trylon Cinema
2024-02-15,Thu,7:30 PM,Bonnie and Clyde (1967),,Heights Theater
2024-02-18,Sun,7:00 PM,Long Day's Journey into Night (2018),,Trylon Cinema
2024-02-19,Mon,7:00 PM,Long Day's Journey into Night (2018),,Trylon Cinema
2024-02-20,Tue,7:00 PM,Long Day's Journey into Night (2018),,Trylon Cinema
2024-02-22,Thu,7:30 PM,La Piscine (1969),,Heights Theater
2024-02-25,Sun,7:15 PM,Breathless (1983),,Trylon Cinema
2024-02-26,Mon,7:00 PM,Breathless (1983),,Trylon Cinema
2024-02-26,Mon,9:00 PM,Breathless (1983),,Trylon Cinema
2024-02-27,Tue,7:00 PM,Breathless (1983),,Trylon Cinema
2024-02-27,Tue,9:00 PM,Breathless (1983),,Trylon Cinema
2024-02-29,Thu,7:30 PM,Pennies from Heaven (1981),,Heights Theater
2024-03-14,Thu,7:30 PM,Brazil (1985),,Trylon Cinema
2024-03-28,Thu,7:30 PM,The Lodger: A Story of the London Fog (1927) w/ live music,,Heights Theater
2024-03-30,Sat,7:30 PM,Notorious (1946),,Heights Theater
2024-04-01,Mon,7:00 PM,The Wrong Man (1956),,Trylon Cinema
2024-04-01,Mon,9:15 PM,The Wrong Man (1956),,Trylon Cinema
2024-04-02,Tue,7:00 PM,The Wrong Man (1956),,Trylon Cinema
2024-04-02,Tue,9:15 PM,The Wrong Man (1956),,Trylon Cinema
2024-04-04,Thu,7:30 PM,The Lady Vanishes (1938),,Heights Theater
2024-04-07,Sun,8:15 PM,Strangers on a Train (1951),,Trylon Cinema
2024-04-08,Mon,7:00 PM,Strangers on a Train (1951),,Trylon Cinema
2024-04-08,Mon,9:00 PM,Strangers on a Train (1951),,Trylon Cinema
2024-04-09,Tue,7:00 PM,Strangers on a Train (1951),,Trylon Cinema
2024-04-09,Tue,9:00 PM,Strangers on a Train (1951),,Trylon Cinema
2024-04-11,Thu,7:30 PM,Shadow of a Doubt (1943),,Heights Theater
2024-04-14,Sun,8:00 PM,Notorious (1946),,Trylon Cinema
2024-04-15,Mon,7:00 PM,Notorious (1946),,Trylon Cinema
2024-04-15,Mon,9:00 PM,Notorious (1946),,Trylon Cinema
2024-04-16,Tue,7:00 PM,Notorious (1946),,Trylon Cinema
2024-04-16,Tue,9:00 PM,Notorious (1946),,Trylon Cinema
2024-04-18,Thu,7:30 PM,Dial M for Murder (1954),,Heights Theater
2024-04-21,Sun,7:30 PM,Stage Fright (1950),,Trylon Cinema
2024-04-22,Mon,7:00 PM,Stage Fright (1950),,Trylon Cinema
2024-04-22,Mon,9:15 PM,Stage Fright (1950),,Trylon Cinema
2024-04-23,Tue,7:00 PM,Stage Fright (1950),,Trylon Cinema
2024-04-23,Tue,9:15 PM,Stage Fright (1950),,Trylon Cinema
2024-04-25,Thu,7:30 PM,North by Northwest (1959),,Heights Theater
2024-04-28,Sun,7:00 PM,The Trouble with Harry (1955),,Trylon Cinema
2024-04-29,Mon,7:30 PM,North by Northwest (1959),,Heights Theater
2024-04-29,Mon,7:00 PM,The Trouble with Harry (1955),,Trylon Cinema
2024-04-29,Mon,9:00 PM,The Trouble with Harry (1955),,Trylon Cinema
2024-04-30,Tue,7:00 PM,The Trouble with Harry (1955),,Trylon Cinema
2024-04-30,Tue,9:00 PM,The Trouble with Harry (1955),,Trylon Cinema
2024-05-02,Thu,7:30 PM,Frenzy (1972),,Heights Theater
2024-06-02,Sun,6:45 PM,Touch of Evil (1958),,Trylon Cinema
2024-06-03,Mon,7:00 PM,Touch of Evil (1958),,Trylon Cinema
2024-06-03,Mon,9:15 PM,Touch of Evil (1958),,Trylon Cinema
2024-06-04,Tue,7:00 PM,Touch of Evil (1958),,Trylon Cinema
2024-06-04,Tue,9:15 PM,Touch of Evil (1958),,Trylon Cinema
2024-06-09,Sun,7:00 PM,The Player (1992),,Trylon Cinema
2024-06-10,Mon,7:00 PM,The Player (1992),,Trylon Cinema
2024-06-10,Mon,9:30 PM,The Player (1992),,Trylon Cinema
2024-06-11,Tue,7:00 PM,The Player (1992),,Trylon Cinema
2024-06-11,Tue,9:30 PM,The Player (1992),,Trylon Cinema
2024-06-16,Sun,7:45 PM,The Earrings of Madame de... (1953),,Trylon Cinema
2024-06-17,Mon,7:00 PM,The Earrings of Madame de... (1953),,Trylon Cinema
2024-06-17,Mon,9:00 PM,The Earrings of Madame de... (1953),,Trylon Cinema
2024-06-18,Tue,7:00 PM,The Earrings of Madame de... (1953),,Trylon Cinema
2024-06-18,Tue,9:00 PM,The Earrings of Madame de... (1953),,Trylon Cinema
2024-06-23,Sun,7:00 PM,The Passenger (1975),,Trylon Cinema
2024-06-24,Mon,7:00 PM,The Passenger (1975),,Trylon Cinema
2024-06-24,Mon,9:30 PM,The Passenger (1975),,Trylon Cinema
2024-06-25,Tue,7:00 PM,The Passenger (1975),,Trylon Cinema
2024-06-25,Tue,9:30 PM,The Passenger (1975),,Trylon Cinema
2024-06-30,Sun,7:00 PM,Nostalghia (1983),,Trylon Cinema
2024-07-01,Mon,7:00 PM,Nostalghia (1983),,Trylon Cinema
2024-07-01,Mon,9:30 PM,Nostalghia (1983),,Trylon Cinema
2024-07-02,Tue,7:00 PM,Nostalghia (1983),,Trylon Cinema
2024-07-02,Tue,9:30 PM,Nostalghia (1983),,Trylon Cinema
2024-07-07,Sun,7:30 PM,One Cut of the Dead (2017),,Trylon Cinema
2024-07-08,Mon,7:00 PM,One Cut of the Dead (2017),,Trylon Cinema
2024-07-08,Mon,9:00 PM,One Cut of the Dead (2017),,Trylon Cinema
2024-07-09,Tue,7:00 PM,One Cut of the Dead (2017),,Trylon Cinema
2024-07-09,Tue,9:00 PM,One Cut of the Dead (2017),,Trylon Cinema
2024-07-14,Sun,7:30 PM,Birth (2004),,Trylon Cinema
2024-07-15,Mon,7:00 PM,Birth (2004),,Trylon Cinema
2024-07-15,Mon,9:00 PM,Birth (2004),,Trylon Cinema
2024-07-16,Tue,7:00 PM,Birth (2004),,Trylon Cinema
2024-07-16,Tue,9:00 PM,Birth (2004),,Trylon Cinema
2024-07-21,Sun,7:00 PM,Oldboy (2003),,Trylon Cinema
2024-07-22,Mon,7:00 PM,Oldboy (2003),,Trylon Cinema
2024-07-22,Mon,9:30 PM,Oldboy (2003),,Trylon Cinema
2024-07-23,Tue,7:00 PM,Oldboy (2003),,Trylon Cinema
2024-07-23,Tue,9:30 PM,Oldboy (2003),,Trylon Cinema
2024-07-28,Sun,7:00 PM,I Am Cuba (1964),,Trylon Cinema
2024-07-29,Mon,7:00 PM,I Am Cuba (1964),,Trylon Cinema
2024-07-30,Tue,7:00 PM,I Am Cuba (1964),,Trylon Cinema
2024-08-04,Sun,5:45 PM,Children of Men (2006),,Trylon Cinema
2024-08-04,Sun,8:00 PM,Children of Men (2006),,Trylon Cinema
2024-08-05,Mon,7:00 PM,Children of Men (2006),,Trylon Cinema
2024-08-05,Mon,9:15 PM,Children of Men (2006),,Trylon Cinema
2024-08-06,Tue,7:00 PM,Children of Men (2006),,Trylon Cinema
2024-08-06,Tue,9:15 PM,Children of Men (2006),,Trylon Cinema
2024-08-11,Sun,7:00 PM,Breaking News (2004),,Trylon Cinema
2024-08-12,Mon,7:00 PM,Breaking News (2004),,Trylon Cinema
2024-08-12,Mon,9:00 PM,Breaking News (2004),,Trylon Cinema
2024-08-13,Tue,7:00 PM,Breaking News (2004),,Trylon Cinema
2024-08-13,Tue,9:00 PM,Breaking News (2004),,Trylon Cinema
2024-08-18,Sun,6:30 PM,1917 (2019),,Trylon Cinema
2024-08-19,Mon,7:00 PM,1917 (2019),,Trylon Cinema
2024-08-19,Mon,9:30 PM,1917 (2019),,Trylon Cinema
2024-08-20,Tue,7:00 PM,1917 (2019),,Trylon Cinema
2024-08-20,Tue,9:30 PM,1917 (2019),,Trylon Cinema
2024-08-25,Sun,7:00 PM,Goodfellas (1990),,Trylon Cinema
2024-08-26,Mon,7:00 PM,Goodfellas (1990),,Trylon Cinema
2024-08-27,Tue,7:00 PM,Goodfellas (1990),,Trylon Cinema
2025-01-16,Thu,7:00 PM,The Warriors (1979),,Trylon Cinema
2025-01-17,Fri,7:00 PM,The Warriors (1979),,Trylon Cinema
2025-01-18,Sat,7:00 PM,The Warriors (1979),,Trylon Cinema
2025-01-19,Sun,7:00 PM,All That Jazz (1979),,Trylon Cinema
2025-01-20,Mon,7:00 PM,All That Jazz (1979),,Trylon Cinema
2025-01-21,Tue,7:00 PM,All That Jazz (1979),,Trylon Cinema
2025-01-24,Fri,7:00 PM,Xanadu (1980),,Trylon Cinema
2025-01-25,Sat,7:00 PM,Xanadu (1980),,Trylon Cinema
2025-01-26,Sun,7:00 PM,Xanadu (1980),,Trylon Cinema
2025-01-30,Thu,7:00 PM,Nausicaä of the Valley of the Wind (1984),1984,Trylon Cinema
2025-01-30,Thu,9:30 PM,Nausicaä of the Valley of the Wind (1984),1984,Trylon Cinema
2025-01-31,Fri,7:00 PM,Nausicaä of the Valley of the Wind (1984),1984,Trylon Cinema
2025-01-31,Fri,9:30 PM,Nausicaä of the Valley of the Wind (1984),1984,Trylon Cinema
2025-02-01,Sat,3:00 PM,Nausicaä of the Valley of the Wind (1984),1984,Trylon Cinema
2025-02-01,Sat,5:30 PM,Nausicaä of the Valley of the Wind (1984),1984,Trylon Cinema
2025-02-01,Sat,12:30 PM,Nausicaä of the Valley of the Wind (1984),1984,Trylon Cinema
2025-02-02,Sun,7:00 PM,Dial M for Murder (1954),1954,Trylon Cinema
2025-02-03,Mon,7:00 PM,Dial M for Murder (1954),1954,Trylon Cinema
2025-02-04,Tue,7:00 PM,Dial M for Murder (1954),1954,Trylon Cinema
2025-02-06,Thu,7:30 PM,You Only Live Once (1937),,Heights Theater
2025-02-13,Thu,7:30 PM,Detour (1945),,Heights Theater
2025-02-20,Thu,7:30 PM,Gun Crazy (1950),,Heights Theater
2025-02-27,Thu,7:30 PM,Duel (1971),,Heights Theater
2025-03-01,Sat,7:00 PM,Victims (1951),,Trylon Cinema
2025-03-01,Sat,8:45 PM,Victims (1951),,Trylon Cinema
2025-03-02,Sun,7:00 PM,Victims (1951),,Trylon Cinema
2025-03-02,Sun,8:45 PM,Victims (1951),,Trylon Cinema
2025-03-03,Mon,3:00 PM,Victims (1951),,Trylon Cinema
2025-03-03,Mon,4:45 PM,Victims (1951),,Trylon Cinema
2025-03-06,Thu,7:30 PM,Thelma & Louise (1991),,Heights Theater
2025-03-15,Sat,7:00 PM,Museum of Home Video (special),,Trylon Cinema
2025-03-16,Sun,7:00 PM,Museum of Home Video (special),,Trylon Cinema
2025-03-17,Mon,3:00 PM,Museum of Home Video (special),,Trylon Cinema
2025-09-24,Wed,7:00 PM,Night of the Living Dead (1968) + Dead of Night (1974),,Trylon Cinema
2025-10-03,Fri,7:00 PM,The Stepford Wives (1975),,Trylon Cinema
2025-10-03,Fri,9:30 PM,The Texas Chain Saw Massacre (1974),,Trylon Cinema
2025-10-04,Sat,9:00 PM,The Stepford Wives (1975),,Trylon Cinema
2025-10-04,Sat,7:00 PM,The Texas Chain Saw Massacre (1974),,Trylon Cinema
2025-10-05,Sun,3:00 PM,The Stepford Wives (1975),,Trylon Cinema
2025-10-05,Sun,5:30 PM,The Texas Chain Saw Massacre (1974),,Trylon Cinema
2025-10-05,Sun,7:30 PM,Hour of the Wolf (1968),,Trylon Cinema
2025-10-06,Mon,7:00 PM,Hour of the Wolf (1968),,Trylon Cinema
2025-10-06,Mon,9:00 PM,Hour of the Wolf (1968),,Trylon Cinema
2025-10-07,Tue,7:00 PM,Hour of the Wolf (1968),,Trylon Cinema
2025-10-07,Tue,9:00 PM,Hour of the Wolf (1968),,Trylon Cinema
2025-10-10,Fri,7:00 PM,Kuroneko (1968),,Trylon Cinema
2025-10-10,Fri,9:15 PM,Scream Blacula Scream (1973),,Trylon Cinema
2025-10-11,Sat,9:15 PM,Kuroneko (1968),,Trylon Cinema
2025-10-11,Sat,7:00 PM,Scream Blacula Scream (1973),,Trylon Cinema
2025-10-12,Sun,3:00 PM,Kuroneko (1968),,Trylon Cinema
2025-10-12,Sun,5:15 PM,Scream Blacula Scream (1973),,Trylon Cinema
2025-10-12,Sun,7:30 PM,Rosemary's Baby (1968),,Trylon Cinema
2025-10-13,Mon,7:00 PM,Rosemary's Baby (1968),,Trylon Cinema
2025-10-14,Tue,7:00 PM,Rosemary's Baby (1968),,Trylon Cinema
2025-10-15,Wed,8:45 PM,Rosemary's Baby (1968),,Trylon Cinema
2025-10-17,Fri,7:00 PM,Black Christmas (1974),,Trylon Cinema
2025-10-17,Fri,9:15 PM,Let's Scare Jessica to Death (1971),,Trylon Cinema
2025-10-18,Sat,9:00 PM,Black Christmas (1974),,Trylon Cinema
2025-10-18,Sat,7:00 PM,Let's Scare Jessica to Death (1971),,Trylon Cinema
2025-10-19,Sun,3:00 PM,Black Christmas (1974),,Trylon Cinema
2025-10-19,Sun,5:15 PM,Let's Scare Jessica to Death (1971),,Trylon Cinema
2025-10-19,Sun,7:30 PM,The Wicker Man (1973),,Trylon Cinema
2025-10-20,Mon,7:00 PM,The Wicker Man (1973),,Trylon Cinema
2025-10-20,Mon,9:00 PM,The Wicker Man (1973),,Trylon Cinema
2025-10-21,Tue,7:00 PM,The Wicker Man (1973),,Trylon Cinema
2025-10-21,Tue,9:00 PM,The Wicker Man (1973),,Trylon Cinema
2025-10-25,Sat,12:00 PM,Horrorthon IX: Dead by Dawn (secret lineup),,Trylon Cinema
2025-10-26,Sun,3:00 PM,The Exorcist (1973),,Trylon Cinema
2025-10-26,Sun,5:30 PM,The Exorcist (1973),,Trylon Cinema
2025-10-26,Sun,8:00 PM,The Exorcist (1973),,Trylon Cinema
2025-10-27,Mon,7:00 PM,The Exorcist (1973),,Trylon Cinema
2025-10-27,Mon,9:30 PM,The Exorcist (1973),,Trylon Cinema
2025-10-28,Tue,7:00 PM,The Exorcist (1973),,Trylon Cinema
2025-10-28,Tue,9:30 PM,The Exorcist (1973),,Trylon Cinema
2025-11-17,Mon,7:00 PM,"Twilight (1990, György Fehér)",,Trylon Cinema
2025-11-17,Mon,9:15 PM,"Twilight (1990, György Fehér)",,Trylon Cinema
2025-11-18,Tue,7:00 PM,"Twilight (1990, György Fehér)",,Trylon Cinema
2025-11-18,Tue,9:15 PM,"Twilight (1990, György Fehér)",,Trylon Cinema
2025-11-19,Wed,3:00 PM,"Twilight (1990, György Fehér)",,Trylon Cinema
2025-11-19,Wed,5:15 PM,"Twilight (1990, György Fehér)",,Trylon Cinema
2025-12-08,Mon,7:00 PM,"The Holy Mountain (1973, 50th Anniv.)",,Trylon Cinema
2025-12-08,Mon,9:15 PM,"The Holy Mountain (1973, 50th Anniv.)",,Trylon Cinema
2025-12-09,Tue,7:00 PM,"The Holy Mountain (1973, 50th Anniv.)",,Trylon Cinema
2025-12-09,Tue,9:15 PM,"The Holy Mountain (1973, 50th Anniv.)",,Trylon Cinema
2025-12-10,Wed,3:00 PM,"The Holy Mountain (1973, 50th Anniv.)",,Trylon Cinema
2025-12-10,Wed,5:15 PM,"The Holy Mountain (1973, 50th Anniv.)",,Trylon Cinema
2025-12-11,Thu,7:00 PM,The Shop Around the Corner (1940),,Trylon Cinema
2025-12-12,Fri,7:00 PM,Leila and the Wolves (1984),1984,Trylon Cinema
2025-12-13,Sat,1:00 PM,The Shop Around the Corner (1940),,Trylon Cinema
2025-12-13,Sat,4:00 PM,The Shop Around the Corner (1940),,Trylon Cinema
2025-12-13,Sat,7:00 PM,Leila and the Wolves (1984),1984,Trylon Cinema
2025-12-14,Sun,7:00 PM,Leila and the Wolves (1984),1984,Trylon Cinema
2025-12-29,Mon,7:00 PM,Tampopo (1985),,Trylon Cinema
2025-12-29,Mon,9:15 PM,Tampopo (1985),,Trylon Cinema
2025-12-30,Tue,7:00 PM,Tampopo (1985),,Trylon Cinema
2025-12-30,Tue,9:15 PM,Tampopo (1985),,Trylon Cinema
2025-12-31,Wed,3:00 PM,Tampopo (1985),,Trylon Cinema
2025-12-31,Wed,5:15 PM,Tampopo (1985),,Trylon Cinema
2025-12-31,Wed,7:00 PM,Cult Film Collective Secret 16mm Show,,Trylon Cinema
2021-06-19,Sat,3:30PM,In The Heights,,Riverview Theater
2021-06-19,Sat,6:40PM,In The Heights,,Riverview Theater
2021-06-30,Wed,12:30PM,The Croods: A New Age,,Riverview Theater
2021-08-02,Mon,6:30PM,Jungle Cruise,,Riverview Theater
2021-09-18,Sat,1:00PM,Shang-Chi and the Legend of the Ten Rings,,Riverview Theater
2021-09-18,Sat,3:50PM,Shang-Chi and the Legend of the Ten Rings,,Riverview Theater
2021-09-18,Sat,6:45PM,Shang-Chi and the Legend of the Ten Rings,,Riverview Theater
2021-09-18,Sat,9:30PM,Shang-Chi and the Legend of the Ten Rings,,Riverview Theater
2021-10-11,Mon,6:30PM,No Time To Die,,Riverview Theater
2021-10-23,Sat,12:15PM,Dune,,Riverview Theater
2021-10-23,Sat,3:15PM,Dune,,Riverview Theater
2021-10-23,Sat,6:30PM,Dune,,Riverview Theater
2021-10-23,Sat,9:35PM,Dune,,Riverview Theater
2021-10-23,Sat,9:35PM,Dune,,Riverview Theater
2021-11-21,Sun,12:30PM,Eternals,,Riverview Theater
2021-11-21,Sun,3:30PM,Eternals,,Riverview Theater
2021-11-21,Sun,6:40PM,Eternals,,Riverview Theater
2021-12-22,Wed,12:30PM,Eternals,,Riverview Theater
2021-12-22,Wed,3:30PM,Eternals,,Riverview Theater
2021-12-22,Wed,6:40PM,Eternals,,Riverview Theater
2022-01-29,Sat,11:00AM,Clifford the Big Red Dog,,Riverview Theater
2022-01-29,Sat,1:00PM,Ghostbusters: Afterlife,,Riverview Theater
2022-01-29,Sat,3:30PM,West Side Story (2021),,Riverview Theater
2022-01-29,Sat,6:30PM,House of Gucci,,Riverview Theater
2022-01-29,Sat,9:30PM,The French Dispatch,,Riverview Theater
2022-02-09,Wed,1:00PM,West Side Story (2021),,Riverview Theater
2022-02-09,Wed,3:50PM,House of Gucci,,Riverview Theater
2022-02-09,Wed,6:45PM,The French Dispatch,,Riverview Theater
2022-02-18,Fri,12:00PM,Death on the Nile,,Riverview Theater
2022-02-18,Fri,2:30PM,Death on the Nile,,Riverview Theater
2022-02-18,Fri,5:00PM,Death on the Nile,,Riverview Theater
2022-02-18,Fri,7:30PM,Death on the Nile,,Riverview Theater
2022-03-13,Sun,11:30AM,The Batman,,Riverview Theater
2022-03-13,Sun,3:00PM,The Batman,,Riverview Theater
2022-03-13,Sun,6:30PM,The Batman,,Riverview Theater
2022-03-27,Sun,11:00AM,The 2022 Oscar Nominated Short Films - Documentary,,Riverview Theater
2022-03-27,Sun,2:00PM,Belfast,,Riverview Theater
2022-03-27,Sun,4:00PM,The Worst Person in the World,,Riverview Theater
2022-03-27,Sun,6:30PM,Licorice Pizza,,Riverview Theater
2022-03-27,Sun,9:00PM,Drive My Car,,Riverview Theater
2022-04-06,Wed,12:00PM,Hotel Transylvania 4: Transformania,,Riverview Theater
2022-04-06,Wed,2:00PM,CODA,,Riverview Theater
2022-04-06,Wed,6:30PM,CODA,,Riverview Theater
2022-04-06,Wed,4:15PM,Belfast,,Riverview Theater
2022-05-01,Sun,1:00PM,Everything Everywhere All at Once,,Riverview Theater
2022-05-01,Sun,3:45PM,Everything Everywhere All at Once,,Riverview Theater
2022-05-01,Sun,6:30PM,Everything Everywhere All at Once,,Riverview Theater
2022-05-25,Wed,1:45PM,Doctor Strange in the Multiverse of Madness,,Riverview Theater
2022-05-25,Wed,4:15PM,Doctor Strange in the Multiverse of Madness,,Riverview Theater
2022-05-25,Wed,6:45PM,Doctor Strange in the Multiverse of Madness,,Riverview Theater
2022-06-26,Sun,12:45PM,Elvis,,Riverview Theater
2022-06-26,Sun,4:00PM,Elvis,,Riverview Theater
2022-06-26,Sun,7:15PM,Elvis,,Riverview Theater
2022-07-01,Fri,12:15PM,Elvis,,Riverview Theater
2022-07-01,Fri,3:30PM,Elvis,,Riverview Theater
2022-07-01,Fri,6:45PM,Elvis,,Riverview Theater
2022-07-10,Sun,11:15AM,Thor: Love and Thunder,,Riverview Theater
2022-07-10,Sun,1:45PM,Thor: Love and Thunder,,Riverview Theater
2022-07-10,Sun,4:15PM,Thor: Love and Thunder,,Riverview Theater
2022-07-10,Sun,6:45PM,Thor: Love and Thunder,,Riverview Theater
2022-08-01,Mon,12:45PM,The Bad Guys,,Riverview Theater
2022-08-01,Mon,2:45PM,Lightyear,,Riverview Theater
2022-08-01,Mon,4:45PM,Downton Abbey: A New Era,,Riverview Theater
2022-08-01,Mon,7:15PM,Everything Everywhere All at Once (Re-Release),,Riverview Theater
2022-08-16,Tue,1:45PM,Bullet Train,,Riverview Theater
2022-08-16,Tue,4:15PM,Bullet Train,,Riverview Theater
2022-08-16,Tue,6:45PM,Bullet Train,,Riverview Theater
2022-10-01,Sat,11:15AM,Minions: The Rise of Gru,,Riverview Theater
2022-10-01,Sat,1:00PM,Rope (1948),,Riverview Theater
2022-10-01,Sat,2:45PM,North by Northwest (1959),,Riverview Theater
2022-10-01,Sat,5:20PM,Dial M for Murder (1954),,Riverview Theater
2022-10-01,Sat,7:30PM,The Birds (1963),,Riverview Theater
2022-10-24,Mon,11:45AM,Black Adam,,Riverview Theater
2022-10-24,Mon,2:15PM,Black Adam,,Riverview Theater
2022-10-24,Mon,4:45PM,Black Adam,,Riverview Theater
2022-10-24,Mon,7:15PM,Black Adam,,Riverview Theater
2022-11-15,Tue,12:15PM,Black Panther: Wakanda Forever,,Riverview Theater
2022-11-15,Tue,3:20PM,Black Panther: Wakanda Forever,,Riverview Theater
2022-11-15,Tue,6:40PM,Black Panther: Wakanda Forever,,Riverview Theater
2022-11-30,Wed,3:30PM,Black Panther: Wakanda Forever,,Riverview Theater
2022-11-30,Wed,6:45PM,Black Panther: Wakanda Forever,,Riverview Theater
2022-12-01,Thu,3:30PM,Black Panther: Wakanda Forever,,Riverview Theater
2022-12-01,Thu,6:45PM,Black Panther: Wakanda Forever,,Riverview Theater
2022-12-22,Thu,11:30AM,Avatar: The Way of Water (in 3D),,Riverview Theater
2022-12-22,Thu,3:00PM,Avatar: The Way of Water (in 3D),,Riverview Theater
2022-12-22,Thu,6:45PM,Avatar: The Way of Water (in 3D),,Riverview Theater
2023-01-25,Wed,2:15PM,The Banshees of Inisherin,,Riverview Theater
2023-01-25,Wed,6:35PM,The Banshees of Inisherin,,Riverview Theater
2023-01-25,Wed,4:20PM,Empire of Light,,Riverview Theater
2023-02-05,Sun,11:30AM,TÃ¡r,,Riverview Theater
2023-02-05,Sun,2:30PM,"Lyle, Lyle, Crocodile",,Riverview Theater
2023-02-05,Sun,4:30PM,Aftersun,,Riverview Theater
2023-02-05,Sun,6:30PM,The Fabelmans,,Riverview Theater
2023-02-05,Sun,9:15PM,Everything Everywhere All at Once,,Riverview Theater
2023-02-09,Thu,12:15PM,The Banshees of Inisherin,,Riverview Theater
2023-02-09,Thu,2:30PM,The Fabelmans,,Riverview Theater
2023-02-09,Thu,5:15PM,Aftersun,,Riverview Theater
2023-02-09,Thu,7:15PM,Everything Everywhere All at Once,,Riverview Theater
2023-02-20,Mon,11:15AM,Ant-Man and the Wasp: Quantumania in 3D,,Riverview Theater
2023-02-20,Mon,4:15PM,Ant-Man and the Wasp: Quantumania in 3D,,Riverview Theater
2023-02-20,Mon,1:45PM,Ant-Man and the Wasp: Quantumania,,Riverview Theater
2023-02-20,Mon,6:45PM,Ant-Man and the Wasp: Quantumania,,Riverview Theater
2023-03-02,Thu,12:30PM,The 2023 Oscar Nominated Short Films - Documentary,,Riverview Theater
2023-03-02,Thu,3:30PM,The 2023 Oscar Nominated Short Films - Animation,,Riverview Theater
2023-03-02,Thu,5:20PM,The Whale,,Riverview Theater
2023-03-02,Thu,7:30PM,Women Talking,,Riverview Theater
2023-03-07,Tue,12:30PM,The 2023 Oscar Nominated Short Films - Documentary,,Riverview Theater
2023-03-07,Tue,3:30PM,The 2023 Oscar Nominated Short Films - Animation,,Riverview Theater
2023-03-07,Tue,5:20PM,The Whale,,Riverview Theater
2023-03-07,Tue,7:30PM,Women Talking,,Riverview Theater
2023-03-17,Fri,11:15AM,The Whale,,Riverview Theater
2023-03-17,Fri,1:30PM,80 for Brady,,Riverview Theater
2023-03-17,Fri,3:30PM,Puss in Boots: The Last Wish,,Riverview Theater
2023-03-17,Fri,5:40PM,A Man Called Otto,,Riverview Theater
2023-03-17,Fri,8:00PM,Everything Everywhere All at Once,,Riverview Theater
2023-03-29,Wed,12:30PM,80 for Brady,,Riverview Theater
2023-03-29,Wed,2:30PM,Everything Everywhere All at Once,,Riverview Theater
2023-03-29,Wed,7:20PM,Everything Everywhere All at Once,,Riverview Theater
2023-03-29,Wed,5:00PM,A Man Called Otto,,Riverview Theater
2023-04-01,Sat,12:15PM,The Amazing Maurice,,Riverview Theater
2023-04-01,Sat,2:00PM,Puss in Boots: The Last Wish,,Riverview Theater
2023-04-01,Sat,4:00PM,A Man Called Otto,,Riverview Theater
2023-04-01,Sat,6:30PM,Everything Everywhere All at Once,,Riverview Theater
2023-04-01,Sat,9:05PM,Cocaine Bear,,Riverview Theater
2023-04-10,Mon,12:45PM,The Super Mario Bros. Movie 2D,,Riverview Theater
2023-04-10,Mon,2:45PM,The Super Mario Bros. Movie 2D,,Riverview Theater
2023-04-10,Mon,4:30PM,The Super Mario Bros. Movie 2D,,Riverview Theater
2023-04-10,Mon,6:30PM,The Super Mario Bros. Movie 2D,,Riverview Theater
2023-04-18,Tue,12:45PM,The Super Mario Bros. Movie 2D,,Riverview Theater
2023-04-18,Tue,2:45PM,The Super Mario Bros. Movie 2D,,Riverview Theater
2023-04-18,Tue,4:30PM,The Super Mario Bros. Movie 2D,,Riverview Theater
2023-04-18,Tue,6:30PM,The Super Mario Bros. Movie 2D,,Riverview Theater
2023-05-01,Mon,2:45PM,The Super Mario Bros. Movie 2D,,Riverview Theater
2023-05-01,Mon,4:45PM,The Super Mario Bros. Movie 2D,,Riverview Theater
2023-05-01,Mon,6:45PM,The Super Mario Bros. Movie 2D,,Riverview Theater
2023-05-23,Tue,3:50PM,Guardians of the Galaxy Vol. 3,,Riverview Theater
2023-05-23,Tue,6:45PM,Guardians of the Galaxy Vol. 3,,Riverview Theater
2023-05-31,Wed,11:30AM,Air,,Riverview Theater
2023-05-31,Wed,1:30PM,Book Club: The Next Chapter,,Riverview Theater
2023-05-31,Wed,3:30PM,"Are You There, God? It's Me, Margaret",,Riverview Theater
2023-05-31,Wed,7:15PM,Enter the Slipstream,,Riverview Theater
2023-06-06,Tue,4:00PM,Spider-Man: Across the Spider-Verse,,Riverview Theater
2023-06-06,Tue,6:45PM,Spider-Man: Across the Spider-Verse,,Riverview Theater
2023-06-07,Wed,1:15PM,Spider-Man: Across the Spider-Verse,,Riverview Theater
2023-06-07,Wed,4:00PM,Spider-Man: Across the Spider-Verse,,Riverview Theater
2023-06-07,Wed,6:45PM,Spider-Man: Across the Spider-Verse,,Riverview Theater
2023-06-14,Wed,1:15PM,Spider-Man: Across the Spider-Verse,,Riverview Theater
2023-06-14,Wed,4:00PM,Spider-Man: Across the Spider-Verse,,Riverview Theater
2023-06-14,Wed,6:45PM,Spider-Man: Across the Spider-Verse,,Riverview Theater
2023-07-05,Wed,10:30AM,Puss in Boots (2011),,Riverview Theater
2023-07-05,Wed,12:45PM,Indiana Jones and the Dial of Destiny,,Riverview Theater
2023-07-05,Wed,3:45PM,Indiana Jones and the Dial of Destiny,,Riverview Theater
2023-07-05,Wed,6:45PM,Indiana Jones and the Dial of Destiny,,Riverview Theater
2023-08-04,Fri,10:30AM,Trolls World Tour (2020),,Riverview Theater
2023-08-04,Fri,12:15PM,Barbie,,Riverview Theater
2023-08-04,Fri,2:30PM,Barbie,,Riverview Theater
2023-08-04,Fri,4:45PM,Barbie,,Riverview Theater
2023-08-04,Fri,7:15PM,Barbie,,Riverview Theater
2023-09-03,Sun,12:15PM,Oppenheimer,,Riverview Theater
2023-09-03,Sun,3:45PM,Oppenheimer,,Riverview Theater
2023-09-03,Sun,7:15PM,Oppenheimer,,Riverview Theater
2023-09-21,Thu,1:15PM,Barbie,,Riverview Theater
2023-09-21,Thu,5:30PM,Barbie,,Riverview Theater
2023-09-21,Thu,3:30PM,Asteroid City,,Riverview Theater
2023-09-21,Thu,7:45PM,Talk to Me,,Riverview Theater
2023-09-29,Fri,1:00PM,Haunted Mansion,,Riverview Theater
2023-09-29,Fri,3:15PM,Asteroid City,,Riverview Theater
2023-09-29,Fri,5:15PM,Barbie,,Riverview Theater
2023-09-29,Fri,7:30PM,My Big Fat Greek Wedding 3,,Riverview Theater
2023-09-29,Fri,9:15PM,Bottoms,,Riverview Theater
2023-10-03,Tue,1:15PM,Asteroid City,,Riverview Theater
2023-10-03,Tue,3:15PM,Barbie,,Riverview Theater
2023-10-03,Tue,5:30PM,My Big Fat Greek Wedding 3,,Riverview Theater
2023-10-03,Tue,7:25PM,Bottoms,,Riverview Theater
2023-11-02,Thu,1:30PM,The Miracle Club,,Riverview Theater
2023-11-02,Thu,3:15PM,Stop Making Sense,,Riverview Theater
2023-11-02,Thu,5:00PM,A Haunting in Venice,,Riverview Theater
2023-11-02,Thu,7:00PM,Climbing Film Tour,,Riverview Theater
2023-11-09,Thu,1:00PM,The Miracle Club,,Riverview Theater
2023-11-09,Thu,2:45PM,Stop Making Sense,,Riverview Theater
2023-11-09,Thu,4:30PM,The Creator,,Riverview Theater
2023-11-09,Thu,7:05PM,The Marvels,,Riverview Theater
2023-11-30,Thu,12:30PM,Wish,,Riverview Theater
2023-11-30,Thu,2:30PM,Wish,,Riverview Theater
2023-11-30,Thu,4:30PM,Wish,,Riverview Theater
2023-11-30,Thu,6:30PM,Wish,,Riverview Theater
2024-01-13,Sat,2:45PM,Wonka,,Riverview Theater
2024-01-13,Sat,5:00PM,Wonka,,Riverview Theater
2024-01-13,Sat,7:20PM,The Color Purple,,Riverview Theater
2024-01-14,Sun,12:30PM,Wonka,,Riverview Theater
2024-01-14,Sun,2:45PM,Wonka,,Riverview Theater
2024-01-14,Sun,5:00PM,Wonka,,Riverview Theater
2024-01-14,Sun,7:20PM,The Color Purple,,Riverview Theater
2024-01-22,Mon,12:15PM,The Holdovers,,Riverview Theater
2024-01-22,Mon,2:45PM,Killers of the Flower Moon,,Riverview Theater
2024-01-22,Mon,6:30PM,The Boy and the Heron,,Riverview Theater
2024-02-02,Fri,12:05PM,Barbie,,Riverview Theater
2024-02-02,Fri,2:15PM,The Holdovers,,Riverview Theater
2024-02-02,Fri,4:40PM,The Boy and the Heron (Dubbed),,Riverview Theater
2024-02-02,Fri,7:00PM,Killers of the Flower Moon,,Riverview Theater
2024-02-29,Thu,11:45AM,The Zone of Interest,,Riverview Theater
2024-02-29,Thu,1:45PM,American Fiction,,Riverview Theater
2024-02-29,Thu,4:00PM,Dune: Part Two,,Riverview Theater
2024-02-29,Thu,7:00PM,Dune: Part Two,,Riverview Theater
2024-03-03,Sun,12:05PM,Dune: Part Two,,Riverview Theater
2024-03-03,Sun,3:15PM,Dune: Part Two,,Riverview Theater
2024-03-03,Sun,6:30PM,Dune: Part Two,,Riverview Theater
2024-03-07,Thu,12:15PM,Dune: Part Two,,Riverview Theater
2024-03-07,Thu,3:20PM,Dune: Part Two,,Riverview Theater
2024-03-07,Thu,6:30PM,Dune: Part Two,,Riverview Theater
2024-04-17,Wed,12:45PM,Arthur the King,,Riverview Theater
2024-04-17,Wed,2:50PM,Bob Marley: One Love,,Riverview Theater
2024-04-17,Wed,5:00PM,One Life,,Riverview Theater
2024-04-17,Wed,7:15PM,Pearl Jam - Dark Matter,,Riverview Theater
2024-04-25,Thu,12:00PM,One Life,,Riverview Theater
2024-04-25,Thu,2:05PM,Cabrini,,Riverview Theater
2024-04-25,Thu,4:45PM,Wicked Little Letters,,Riverview Theater
2024-04-25,Thu,6:30PM,Dune: Part Two,,Riverview Theater
2024-05-03,Fri,1:00PM,Wicked Little Letters,,Riverview Theater
2024-05-03,Fri,3:00PM,Hard Miles,,Riverview Theater
2024-05-03,Fri,5:10PM,Kung Fu Panda 4,,Riverview Theater
2024-05-03,Fri,7:00PM,Godzilla x Kong: The New Empire,,Riverview Theater
2024-05-03,Fri,9:10PM,Late Night with the Devil,,Riverview Theater
2024-05-23,Thu,1:15PM,Kingdom of the Planet of the Apes,,Riverview Theater
2024-05-23,Thu,4:00PM,Kingdom of the Planet of the Apes,,Riverview Theater
2024-05-23,Thu,6:45PM,Kingdom of the Planet of the Apes,,Riverview Theater
2024-06-02,Sun,12:30PM,Kung Fu Panda 4,,Riverview Theater
2024-06-02,Sun,2:15PM,The Ministry of Ungentlemanly Warfare,,Riverview Theater
2024-06-02,Sun,4:30PM,Challengers,,Riverview Theater
2024-06-02,Sun,7:00PM,Civil War,,Riverview Theater
2024-06-13,Thu,12:30PM,Summer Camp,,Riverview Theater
2024-06-13,Thu,2:20PM,Fall Guy,,Riverview Theater
2024-06-13,Thu,5:00PM,Inside Out 2,,Riverview Theater
2024-06-13,Thu,7:00PM,Inside Out 2,,Riverview Theater
2024-06-13,Thu,9:05PM,I Saw the TV Glow,,Riverview Theater
2024-06-14,Fri,12:30PM,Inside Out 2,,Riverview Theater
2024-06-14,Fri,2:45PM,Inside Out 2,,Riverview Theater
2024-06-14,Fri,5:00PM,Inside Out 2,,Riverview Theater
2024-06-14,Fri,7:15PM,Inside Out 2,,Riverview Theater
2024-06-14,Fri,9:05PM,Inside Out 2,,Riverview Theater
2024-07-12,Fri,12:30PM,Despicable Me 4,,Riverview Theater
2024-07-12,Fri,2:30PM,Despicable Me 4,,Riverview Theater
2024-07-12,Fri,4:30PM,Despicable Me 4,,Riverview Theater
2024-07-12,Fri,6:30PM,Despicable Me 4,,Riverview Theater
2024-07-12,Fri,8:30PM,Despicable Me 4,,Riverview Theater
2024-07-12,Fri,10:30PM,Clue (1985),,Riverview Theater
2024-08-01,Thu,11:00AM,Trolls Band Together (2023),,Riverview Theater
2024-08-01,Thu,1:00PM,Deadpool & Wolverine,,Riverview Theater
2024-08-01,Thu,3:45PM,Deadpool & Wolverine,,Riverview Theater
2024-08-01,Thu,6:30PM,Deadpool & Wolverine,,Riverview Theater
2024-08-01,Thu,9:05PM,Deadpool & Wolverine,,Riverview Theater
2024-08-25,Sun,11:30AM,The Garfield Movie,,Riverview Theater
2024-08-25,Sun,1:30PM,CatVideoFest 2024,,Riverview Theater
2024-08-25,Sun,3:00PM,Harold and the Purple Crayon,,Riverview Theater
2024-08-25,Sun,5:00PM,Thelma,,Riverview Theater
2024-08-25,Sun,7:00PM,Fly Me to the Moon,,Riverview Theater
2024-08-25,Sun,9:30PM,Trap,,Riverview Theater
2024-09-08,Sun,12:30PM,Beetlejuice Beetlejuice,,Riverview Theater
2024-09-08,Sun,2:40PM,Beetlejuice Beetlejuice,,Riverview Theater
2024-09-08,Sun,4:50PM,Beetlejuice Beetlejuice,,Riverview Theater
2024-09-08,Sun,7:00PM,Beetlejuice Beetlejuice,,Riverview Theater
2024-09-19,Thu,1:30PM,Beetlejuice Beetlejuice,,Riverview Theater
2024-09-27,Fri,12:45PM,Beetlejuice Beetlejuice,,Riverview Theater
2024-09-27,Fri,2:45PM,The Wild Robot,,Riverview Theater
2024-09-27,Fri,4:45PM,The Wild Robot,,Riverview Theater
2024-09-30,Mon,12:30PM,The Wild Robot,,Riverview Theater
2024-09-30,Mon,2:35PM,The Wild Robot,,Riverview Theater
2024-09-30,Mon,4:40PM,The Wild Robot,,Riverview Theater
2024-09-30,Mon,6:45PM,The Wild Robot,,Riverview Theater
2024-10-03,Thu,12:30PM,The Wild Robot,,Riverview Theater
2024-10-03,Thu,2:35PM,The Wild Robot,,Riverview Theater
2024-10-03,Thu,4:40PM,The Wild Robot,,Riverview Theater
2024-10-03,Thu,6:45PM,The Wild Robot,,Riverview Theater
2024-10-07,Mon,1:00PM,The Wild Robot,,Riverview Theater
2024-10-07,Mon,5:00PM,The Wild Robot,,Riverview Theater
2024-10-07,Mon,7:00PM,The Wild Robot,,Riverview Theater
2024-10-07,Mon,3:00PM,Beetlejuice Beetlejuice,,Riverview Theater
2024-11-01,Fri,12:30PM,My Old Ass,,Riverview Theater
2024-11-01,Fri,2:15PM,White Bird,,Riverview Theater
2024-11-01,Fri,4:30PM,The Apprentice,,Riverview Theater
2024-11-01,Fri,9:00PM,The Substance,,Riverview Theater
2024-11-09,Sat,11:00AM,Piece by Piece,,Riverview Theater
2024-11-09,Sat,12:45PM,White Bird,,Riverview Theater
2024-11-09,Sat,3:00PM,Beetlejuice Beetlejuice,,Riverview Theater
2024-11-09,Sat,5:00PM,DÃ¬di,,Riverview Theater
2024-11-09,Sat,8:50PM,The Substance,,Riverview Theater
2024-11-27,Wed,12:30PM,Wicked,,Riverview Theater
2024-11-27,Wed,3:45PM,Wicked,,Riverview Theater
2024-11-27,Wed,7:00PM,Wicked,,Riverview Theater
2024-12-07,Sat,10:00AM,Wicked,,Riverview Theater
2024-12-07,Sat,1:00PM,Wicked,,Riverview Theater
2024-12-07,Sat,4:15PM,Wicked,,Riverview Theater
2024-12-07,Sat,7:30PM,Wicked,,Riverview Theater
2024-12-15,Sun,10:00AM,Wicked,,Riverview Theater
2024-12-15,Sun,1:00PM,Wicked,,Riverview Theater
2024-12-15,Sun,4:15PM,Wicked,,Riverview Theater
2024-12-15,Sun,7:30PM,Wicked,,Riverview Theater
2024-12-23,Mon,10:30AM,A Christmas Story (1983),,Riverview Theater
2024-12-23,Mon,12:20PM,Polar Express (2004),,Riverview Theater
2024-12-23,Mon,2:15PM,The Best Christmas Pageant Ever,,Riverview Theater
2024-12-23,Mon,4:15PM,It's A Wonderful Life (1946),,Riverview Theater
2024-12-23,Mon,6:45PM,Elf (2003),,Riverview Theater
2024-12-23,Mon,8:45PM,Red One,,Riverview Theater
2025-01-19,Sun,1:00PM,A Complete Unknown,,Riverview Theater
2025-01-19,Sun,3:50PM,A Complete Unknown,,Riverview Theater
2025-01-19,Sun,6:40PM,A Complete Unknown,,Riverview Theater
2025-01-24,Fri,1:00PM,A Complete Unknown,,Riverview Theater
2025-01-24,Fri,3:50PM,A Complete Unknown,,Riverview Theater
2025-01-24,Fri,6:40PM,A Complete Unknown,,Riverview Theater
2025-02-01,Sat,12:00PM,A Complete Unknown,,Riverview Theater
2025-02-01,Sat,4:30PM,A Complete Unknown,,Riverview Theater
2025-02-01,Sat,2:45PM,Flow,,Riverview Theater
2025-02-01,Sat,7:15PM,The Last Showgirl,,Riverview Theater
2025-02-01,Sat,9:00PM,A Real Pain,,Riverview Theater
2025-02-13,Thu,12:45PM,The Last Showgirl,,Riverview Theater
2025-02-13,Thu,2:30PM,The Brutalist,,Riverview Theater
2025-02-13,Thu,6:30PM,A Complete Unknown,,Riverview Theater
2025-02-18,Tue,11:00AM,Moana 2,,Riverview Theater
2025-02-18,Tue,7:25PM,Nosferatu,,Riverview Theater
2025-02-23,Sun,11:00AM,Flow,,Riverview Theater
2025-02-23,Sun,7:25PM,Conclave,,Riverview Theater
2025-03-22,Sat,10:00AM,Dog Man,,Riverview Theater
2025-03-22,Sat,1:30PM,Dog Man,,Riverview Theater
2025-03-22,Sat,11:45AM,Flow,,Riverview Theater
2025-03-22,Sat,3:15PM,Mufasa: The Lion King,,Riverview Theater
2025-03-22,Sat,5:30PM,No Other Land,,Riverview Theater
2025-03-22,Sat,7:30PM,Mickey 17,,Riverview Theater
2025-04-07,Mon,12:15PM,Flow,,Riverview Theater
2025-04-07,Mon,2:00PM,Mickey 17,,Riverview Theater
2025-04-07,Mon,4:45PM,No Other Land,,Riverview Theater
2025-04-07,Mon,6:45PM,Black Bag,,Riverview Theater
2025-04-17,Thu,1:30PM,A Minecraft Movie,,Riverview Theater
2025-04-17,Thu,4:15PM,A Minecraft Movie,,Riverview Theater
2025-04-17,Thu,6:45PM,A Minecraft Movie,,Riverview Theater
2025-04-22,Tue,12:30PM,A Minecraft Movie,,Riverview Theater
2025-04-22,Tue,2:30PM,A Minecraft Movie,,Riverview Theater
2025-04-22,Tue,4:40PM,A Minecraft Movie,,Riverview Theater
2025-04-22,Tue,6:45PM,A Minecraft Movie,,Riverview Theater
2025-05-18,Sun,12:15PM,Snow White,,Riverview Theater
2025-05-18,Sun,2:20PM,The Ballad of Wallis Island,,Riverview Theater
2025-05-18,Sun,4:15PM,The Amateur,,Riverview Theater
2025-05-18,Sun,6:40PM,Sinners,,Riverview Theater
2025-05-21,Wed,12:30PM,The Ballad of Wallis Island,,Riverview Theater
2025-05-21,Wed,2:20PM,The Amateur,,Riverview Theater
2025-05-21,Wed,4:30PM,Sinners,,Riverview Theater
2025-06-22,Sun,11:45AM,How to Train Your Dragon (2025),,Riverview Theater
2025-06-22,Sun,2:15PM,How to Train Your Dragon (2025),,Riverview Theater
2025-06-22,Sun,4:35PM,How to Train Your Dragon (2025),,Riverview Theater
2025-06-22,Sun,7:00PM,How to Train Your Dragon (2025),,Riverview Theater
2025-07-04,Fri,10:30AM,The Bad Guys (2022),,Riverview Theater
2025-07-04,Fri,12:30PM,Karate Kid: Legends,,Riverview Theater
2025-07-04,Fri,2:20PM,Friendship,,Riverview Theater
2025-07-04,Fri,4:15PM,Materialists,,Riverview Theater
2025-07-04,Fri,6:35PM,The Phoenician Scheme,,Riverview Theater
2025-07-04,Fri,8:30PM,Mission: Impossible - The Final Reckoning,,Riverview Theater
2025-07-08,Tue,10:45AM,Migration (2023),,Riverview Theater
2025-07-08,Tue,12:30PM,Karate Kid: Legends,,Riverview Theater
2025-07-08,Tue,2:20PM,Friendship,,Riverview Theater
2025-07-08,Tue,4:15PM,Materialists,,Riverview Theater
2025-07-08,Tue,6:35PM,The Phoenician Scheme,,Riverview Theater
2025-07-08,Tue,8:30PM,Mission: Impossible - The Final Reckoning,,Riverview Theater
2025-07-18,Fri,11:00AM,The Wild Robot (2024),,Riverview Theater
2025-07-18,Fri,1:30PM,Superman,,Riverview Theater
2025-07-18,Fri,4:15PM,Superman,,Riverview Theater
2025-07-18,Fri,7:00PM,Superman,,Riverview Theater
2025-07-18,Fri,9:30PM,The Goonies (1985),,Riverview Theater
2025-08-02,Sat,1:00PM,The Fantastic Four: First Steps,,Riverview Theater
2025-08-02,Sat,3:45PM,The Fantastic Four: First Steps,,Riverview Theater
2025-08-02,Sat,6:30PM,The Fantastic Four: First Steps,,Riverview Theater
2025-08-02,Sat,8:45PM,The Fantastic Four: First Steps,,Riverview Theater
2025-08-02,Sat,11:00PM,Princess Mononoke (1997),,Riverview Theater
2025-08-12,Tue,11:00AM,Minions: The Rise of Gru (2022),,Riverview Theater
2025-08-12,Tue,12:45PM,Smurfs,,Riverview Theater
2025-08-12,Tue,2:30PM,Elio,,Riverview Theater
2025-08-12,Tue,4:30PM,The Life of Chuck,,Riverview Theater
2025-08-12,Tue,6:40PM,F1: The Movie,,Riverview Theater
2025-08-12,Tue,9:25PM,28 Years Later,,Riverview Theater
2025-09-10,Wed,12:15PM,Hamilton,,Riverview Theater
2025-09-10,Wed,3:30PM,Hamilton,,Riverview Theater
2025-09-10,Wed,6:45PM,Hamilton,,Riverview Theater
2025-09-23,Tue,1:30PM,Downton Abbey: The Grand Finale,,Riverview Theater
2025-09-23,Tue,4:00PM,Downton Abbey: The Grand Finale,,Riverview Theater
2025-09-23,Tue,6:45PM,Downton Abbey: The Grand Finale,,Riverview Theater
2025-10-06,Mon,10:00AM,CatVideoFest 2025,,Riverview Theater
2025-10-06,Mon,11:30AM,Taylor Swift | The Official Release Party of a Showgirl,,Riverview Theater
2025-10-06,Mon,1:20PM,Taylor Swift | The Official Release Party of a Showgirl,,Riverview Theater
2025-10-06,Mon,3:10PM,Taylor Swift | The Official Release Party of a Showgirl,,Riverview Theater
2025-10-06,Mon,5:00PM,Taylor Swift | The Official Release Party of a Showgirl,,Riverview Theater
2025-10-06,Mon,6:45PM,Taylor Swift | The Official Release Party of a Showgirl,,Riverview Theater
2025-10-06,Mon,8:30PM,Taylor Swift | The Official Release Party of a Showgirl,,Riverview Theater
2025-10-07,Tue,12:30PM,The Last Class,,Riverview Theater
2025-10-07,Tue,2:00PM,Hamilton,,Riverview Theater
2025-10-07,Tue,5:05PM,Weapons,,Riverview Theater
2025-10-07,Tue,7:30PM,D(e)ad,,Riverview Theater
2025-11-10,Mon,12:45PM,Eleanor the Great,,Riverview Theater
2025-11-10,Mon,2:45PM,Springsteen: Deliver Me from Nowhere,,Riverview Theater
2025-11-10,Mon,7:15PM,Springsteen: Deliver Me from Nowhere,,Riverview Theater
2025-11-10,Mon,5:00PM,Roofman,,Riverview Theater
2025-11-15,Sat,11:15AM,Pets on a Train,,Riverview Theater
2025-11-15,Sat,1:00PM,Eleanor the Great,,Riverview Theater
2025-11-15,Sat,3:10PM,Back to the Future - 40th Annivesary,,Riverview Theater
2025-11-15,Sat,5:25PM,Springsteen: Deliver Me from Nowhere,,Riverview Theater
2025-11-15,Sat,7:45PM,One Battle After Another,,Riverview Theater
2025-11-22,Sat,10:30AM,Wicked: For Good,,Riverview Theater
2025-11-22,Sat,1:15PM,Wicked: For Good,,Riverview Theater
2025-11-22,Sat,4:00PM,Wicked: For Good,,Riverview Theater
2025-11-22,Sat,6:45PM,Wicked: For Good,,Riverview Theater
2025-11-22,Sat,9:20PM,Wicked: For Good,,Riverview Theater
2025-12-07,Sun,12:45PM,Wicked: For Good,,Riverview Theater
2025-12-07,Sun,3:30PM,Wicked: For Good,,Riverview Theater
2025-12-17,Wed,12:30PM,A Christmas Story (1983),,Riverview Theater
2025-12-17,Wed,2:30PM,It's A Wonderful Life (1946),,Riverview Theater
2025-12-17,Wed,5:00PM,Elf (2003),,Riverview Theater
2025-12-17,Wed,7:00PM,White Christmas (1954),,Riverview Theater
2021-03-05,Fri,1:50 PM,Nomadland,2020,Lagoon
2021-03-06,Fri,4:40 PM,Nomadland,2020,Lagoon
2021-03-07,Fri,7:15 PM,Nomadland,2020,Lagoon
2021-03-08,Fri,4:35 PM,Cherry,2021,Lagoon
2021-03-09,Fri,7:00 PM,Cherry,2021,Lagoon
2021-03-10,Fri,1:50 PM,Minari,2020,Lagoon
2021-03-11,Fri,4:40 PM,Minari,2020,Lagoon
2021-03-12,Fri,7:15 PM,Minari,2020,Lagoon
2021-03-13,Fri,1:55 PM,Mortal Kombat,2021,Lagoon
2021-03-14,Fri,4:45 PM,Mortal Kombat,2021,Lagoon
2021-03-15,Fri,7:05 PM,Mortal Kombat,2021,Lagoon
2021-03-16,Fri,9:30 PM,Mortal Kombat,2021,Lagoon
2021-03-17,Fri,1:50 PM,Promising Young Woman,2020,Lagoon
2021-03-18,Fri,4:40 PM,Promising Young Woman,2020,Lagoon
2021-03-19,Fri,7:15 PM,Promising Young Woman,2020,Lagoon
2021-03-20,Fri,1:55 PM,Cruella,2021,Lagoon
2021-03-21,Fri,4:45 PM,Cruella,2021,Lagoon
2021-03-22,Fri,7:05 PM,Cruella,2021,Lagoon
2021-03-23,Fri,9:30 PM,Cruella,2021,Lagoon
2021-03-24,Fri,1:45 PM,A Quiet Place Part II,2021,Lagoon
2021-03-25,Fri,4:30 PM,A Quiet Place Part II,2021,Lagoon
2021-03-26,Fri,7:05 PM,A Quiet Place Part II,2021,Lagoon
2021-03-27,Fri,9:30 PM,A Quiet Place Part II,2021,Lagoon
2021-03-28,Fri,1:55 PM,In the Heights,2021,Lagoon
2021-03-29,Fri,4:45 PM,In the Heights,2021,Lagoon
2021-03-30,Fri,7:05 PM,In the Heights,2021,Lagoon
2021-03-31,Fri,9:30 PM,In the Heights,2021,Lagoon
2021-04-01,Fri,1:45 PM,F9,2021,Lagoon
2021-04-02,Fri,4:30 PM,F9,2021,Lagoon
2021-04-03,Fri,7:05 PM,F9,2021,Lagoon
2021-04-04,Fri,9:30 PM,F9,2021,Lagoon
2021-04-05,Fri,1:45 PM,Black Widow,2021,Lagoon
2021-04-06,Fri,4:30 PM,Black Widow,2021,Lagoon
2021-04-07,Fri,7:05 PM,Black Widow,2021,Lagoon
2021-04-08,Fri,9:30 PM,Black Widow,2021,Lagoon
2021-04-09,Fri,1:55 PM,Space Jam: A New Legacy,2021,Lagoon
2021-04-10,Fri,4:45 PM,Space Jam: A New Legacy,2021,Lagoon
2021-04-11,Fri,7:05 PM,Space Jam: A New Legacy,2021,Lagoon
2021-04-12,Fri,9:30 PM,Space Jam: A New Legacy,2021,Lagoon
2021-04-13,Fri,1:50 PM,Old,2021,Lagoon
2021-04-14,Fri,4:40 PM,Old,2021,Lagoon
2021-04-15,Fri,7:15 PM,Old,2021,Lagoon
2021-04-16,Fri,1:55 PM,Jungle Cruise,2021,Lagoon
2021-04-17,Fri,4:45 PM,Jungle Cruise,2021,Lagoon
2021-04-18,Fri,7:05 PM,Jungle Cruise,2021,Lagoon
2021-04-19,Fri,9:30 PM,Jungle Cruise,2021,Lagoon
2021-04-20,Fri,1:55 PM,The Suicide Squad,2021,Lagoon
2021-04-21,Fri,4:45 PM,The Suicide Squad,2021,Lagoon
2021-04-22,Fri,7:05 PM,The Suicide Squad,2021,Lagoon
2021-04-23,Fri,9:30 PM,The Suicide Squad,2021,Lagoon
2021-04-24,Fri,1:55 PM,Free Guy,2021,Lagoon
2021-04-25,Fri,4:45 PM,Free Guy,2021,Lagoon
2021-04-26,Fri,7:05 PM,Free Guy,2021,Lagoon
2021-04-27,Fri,9:30 PM,Free Guy,2021,Lagoon
2021-04-28,Fri,1:55 PM,Candyman,2021,Lagoon
2021-04-29,Fri,4:45 PM,Candyman,2021,Lagoon
2021-04-30,Fri,7:05 PM,Candyman,2021,Lagoon
2021-05-01,Fri,9:30 PM,Candyman,2021,Lagoon
2021-05-02,Fri,1:45 PM,Shang-Chi,2021,Lagoon
2021-05-03,Fri,4:15 PM,Shang-Chi,2021,Lagoon
2021-05-04,Fri,7:00 PM,Shang-Chi,2021,Lagoon
2021-05-05,Fri,9:15 PM,Shang-Chi,2021,Lagoon
2021-05-06,Fri,1:50 PM,Cry Macho,2021,Lagoon
2021-05-07,Fri,4:40 PM,Cry Macho,2021,Lagoon
2021-05-08,Fri,7:15 PM,Cry Macho,2021,Lagoon
2021-05-09,Fri,1:50 PM,The Many Saints of Newark,2021,Lagoon
2021-05-10,Fri,4:40 PM,The Many Saints of Newark,2021,Lagoon
2021-05-11,Fri,7:15 PM,The Many Saints of Newark,2021,Lagoon
2021-05-12,Fri,1:45 PM,Venom: Let There Be Carnage,2021,Lagoon
2021-05-13,Fri,4:30 PM,Venom: Let There Be Carnage,2021,Lagoon
2021-05-14,Fri,7:05 PM,Venom: Let There Be Carnage,2021,Lagoon
2021-05-15,Fri,9:30 PM,Venom: Let There Be Carnage,2021,Lagoon
2021-05-16,Fri,1:50 PM,The Last Duel,2021,Lagoon
2021-05-17,Fri,4:40 PM,The Last Duel,2021,Lagoon
2021-05-18,Fri,7:15 PM,The Last Duel,2021,Lagoon
2021-05-19,Fri,1:50 PM,The French Dispatch,2021,Lagoon
2021-05-20,Fri,4:40 PM,The French Dispatch,2021,Lagoon
2021-05-21,Fri,7:15 PM,The French Dispatch,2021,Lagoon
2021-05-22,Fri,1:45 PM,Dune,2021,Lagoon
2021-05-23,Fri,4:30 PM,Dune,2021,Lagoon
2021-05-24,Fri,7:05 PM,Dune,2021,Lagoon
2021-05-25,Fri,9:30 PM,Dune,2021,Lagoon
2021-05-26,Fri,1:45 PM,Halloween Kills,2021,Lagoon
2021-05-27,Fri,4:30 PM,Halloween Kills,2021,Lagoon
2021-05-28,Fri,7:05 PM,Halloween Kills,2021,Lagoon
2021-05-29,Fri,9:30 PM,Halloween Kills,2021,Lagoon
2021-05-30,Fri,1:45 PM,Eternals,2021,Lagoon
2021-05-31,Fri,4:30 PM,Eternals,2021,Lagoon
2021-06-01,Fri,7:05 PM,Eternals,2021,Lagoon
2021-06-02,Fri,9:30 PM,Eternals,2021,Lagoon
2021-06-03,Fri,4:35 PM,Bergman Island,2021,Lagoon
2021-06-04,Fri,7:00 PM,Bergman Island,2021,Lagoon
2021-06-05,Fri,1:50 PM,Spencer,2021,Lagoon
2021-06-06,Fri,4:40 PM,Spencer,2021,Lagoon
2021-06-07,Fri,7:15 PM,Spencer,2021,Lagoon
2021-06-08,Fri,1:50 PM,Belfast,2021,Lagoon
2021-06-09,Fri,4:40 PM,Belfast,2021,Lagoon
2021-06-10,Fri,7:15 PM,Belfast,2021,Lagoon
2021-06-11,Fri,1:55 PM,House of Gucci,2021,Lagoon
2021-06-12,Fri,4:45 PM,House of Gucci,2021,Lagoon
2021-06-13,Fri,7:05 PM,House of Gucci,2021,Lagoon
2021-06-14,Fri,9:30 PM,House of Gucci,2021,Lagoon
2021-06-15,Wed,4:45 PM,Encanto,2021,Lagoon
2021-06-16,Wed,7:05 PM,Encanto,2021,Lagoon
2021-06-17,Wed,4:40 PM,The Power of the Dog,2021,Lagoon
2021-06-18,Wed,7:15 PM,The Power of the Dog,2021,Lagoon
2021-06-19,Fri,1:45 PM,Spider-Man: No Way Home,2021,Lagoon
2021-06-20,Fri,4:15 PM,Spider-Man: No Way Home,2021,Lagoon
2021-06-21,Fri,7:00 PM,Spider-Man: No Way Home,2021,Lagoon
2021-06-22,Fri,9:15 PM,Spider-Man: No Way Home,2021,Lagoon
2021-06-23,Fri,1:50 PM,Licorice Pizza,2021,Lagoon
2021-06-24,Fri,4:40 PM,Licorice Pizza,2021,Lagoon
2021-06-25,Fri,7:15 PM,Licorice Pizza,2021,Lagoon
2021-06-26,Fri,2:10 PM,The Tragedy of Macbeth,2021,Lagoon
2021-06-27,Fri,4:35 PM,The Tragedy of Macbeth,2021,Lagoon
2021-06-28,Fri,7:20 PM,The Tragedy of Macbeth,2021,Lagoon
2021-06-29,Wed,4:40 PM,Nightmare Alley,2021,Lagoon
2021-06-30,Wed,7:15 PM,Nightmare Alley,2021,Lagoon
2021-07-01,Sat,1:55 PM,Don't Look Up,2021,Lagoon
2021-07-02,Sat,4:45 PM,Don't Look Up,2021,Lagoon
2021-07-03,Sat,7:05 PM,Don't Look Up,2021,Lagoon
2021-07-04,Sat,9:30 PM,Don't Look Up,2021,Lagoon
2021-07-05,Sat,4:35 PM,Drive My Car,2021,Lagoon
2021-07-06,Sat,7:00 PM,Drive My Car,2021,Lagoon
2021-07-07,Fri,1:45 PM,Scream,2022,Lagoon
2021-07-08,Fri,4:30 PM,Scream,2022,Lagoon
2021-07-09,Fri,7:05 PM,Scream,2022,Lagoon
2021-07-10,Fri,9:30 PM,Scream,2022,Lagoon
2021-07-11,Fri,1:55 PM,The King's Man,2021,Lagoon
2021-07-12,Fri,4:45 PM,The King's Man,2021,Lagoon
2021-07-13,Fri,7:05 PM,The King's Man,2021,Lagoon
2021-07-14,Fri,9:30 PM,The King's Man,2021,Lagoon
2021-07-15,Fri,1:55 PM,Death on the Nile,2022,Lagoon
2021-07-16,Fri,4:45 PM,Death on the Nile,2022,Lagoon
2021-07-17,Fri,7:05 PM,Death on the Nile,2022,Lagoon
2021-07-18,Fri,9:30 PM,Death on the Nile,2022,Lagoon
2021-07-19,Fri,1:45 PM,Uncharted,2022,Lagoon
2021-07-20,Fri,4:30 PM,Uncharted,2022,Lagoon
2021-07-21,Fri,7:05 PM,Uncharted,2022,Lagoon
2021-07-22,Fri,9:30 PM,Uncharted,2022,Lagoon
2021-07-23,Fri,1:45 PM,The Batman,2022,Lagoon
2021-07-24,Fri,4:30 PM,The Batman,2022,Lagoon
2021-07-25,Fri,7:05 PM,The Batman,2022,Lagoon
2021-07-26,Fri,9:30 PM,The Batman,2022,Lagoon
2021-07-27,Fri,2:10 PM,The Lost Daughter,2021,Lagoon
2021-07-28,Fri,4:35 PM,The Lost Daughter,2021,Lagoon
2021-07-29,Fri,7:20 PM,The Lost Daughter,2021,Lagoon
2021-07-30,Fri,2:10 PM,The Worst Person in the World,2021,Lagoon
2021-07-31,Fri,4:35 PM,The Worst Person in the World,2021,Lagoon
2021-08-01,Fri,7:20 PM,The Worst Person in the World,2021,Lagoon
2021-08-02,Fri,1:50 PM,The Northman,2022,Lagoon
2021-08-03,Fri,4:40 PM,The Northman,2022,Lagoon
2021-08-04,Fri,7:15 PM,The Northman,2022,Lagoon
2021-08-05,Fri,1:50 PM,Everything Everywhere All at Once,2022,Lagoon
2021-08-06,Fri,4:40 PM,Everything Everywhere All at Once,2022,Lagoon
2021-08-07,Fri,7:15 PM,Everything Everywhere All at Once,2022,Lagoon
2021-08-08,Fri,1:50 PM,The Unbearable Weight of Massive Talent,2022,Lagoon
2021-08-09,Fri,4:40 PM,The Unbearable Weight of Massive Talent,2022,Lagoon
2021-08-10,Fri,7:15 PM,The Unbearable Weight of Massive Talent,2022,Lagoon
2021-08-11,Fri,1:45 PM,Doctor Strange 2,2022,Lagoon
2021-08-12,Fri,4:15 PM,Doctor Strange 2,2022,Lagoon
2021-08-13,Fri,7:00 PM,Doctor Strange 2,2022,Lagoon
2021-08-14,Fri,9:15 PM,Doctor Strange 2,2022,Lagoon
2021-08-15,Fri,2:10 PM,Men,2022,Lagoon
2021-08-16,Fri,4:35 PM,Men,2022,Lagoon
2021-08-17,Fri,7:20 PM,Men,2022,Lagoon
2021-08-18,Fri,1:45 PM,Top Gun: Maverick,2022,Lagoon
2021-08-19,Fri,4:15 PM,Top Gun: Maverick,2022,Lagoon
2021-08-20,Fri,7:00 PM,Top Gun: Maverick,2022,Lagoon
2021-08-21,Fri,9:15 PM,Top Gun: Maverick,2022,Lagoon
2021-08-22,Fri,1:55 PM,Lightyear,2022,Lagoon
2021-08-23,Fri,4:45 PM,Lightyear,2022,Lagoon
2021-08-24,Fri,7:05 PM,Lightyear,2022,Lagoon
2021-08-25,Fri,9:30 PM,Lightyear,2022,Lagoon
2021-08-26,Fri,1:45 PM,Elvis,2022,Lagoon
2021-08-27,Fri,4:30 PM,Elvis,2022,Lagoon
2021-08-28,Fri,7:05 PM,Elvis,2022,Lagoon
2021-08-29,Fri,9:30 PM,Elvis,2022,Lagoon
2021-08-30,Fri,1:45 PM,Thor: Love and Thunder,2022,Lagoon
2021-08-31,Fri,4:30 PM,Thor: Love and Thunder,2022,Lagoon
2021-09-01,Fri,7:05 PM,Thor: Love and Thunder,2022,Lagoon
2021-09-02,Fri,9:30 PM,Thor: Love and Thunder,2022,Lagoon
2021-09-03,Fri,1:45 PM,Nope,2022,Lagoon
2021-09-04,Fri,4:30 PM,Nope,2022,Lagoon
2021-09-05,Fri,7:05 PM,Nope,2022,Lagoon
2021-09-06,Fri,9:30 PM,Nope,2022,Lagoon
2021-09-07,Fri,2:10 PM,Marcel the Shell with Shoes On,2022,Lagoon
2021-09-08,Fri,4:35 PM,Marcel the Shell with Shoes On,2022,Lagoon
2021-09-09,Fri,7:20 PM,Marcel the Shell with Shoes On,2022,Lagoon
2021-09-10,Fri,1:55 PM,Bullet Train,2022,Lagoon
2021-09-11,Fri,4:45 PM,Bullet Train,2022,Lagoon
2021-09-12,Fri,7:05 PM,Bullet Train,2022,Lagoon
2021-09-13,Fri,9:30 PM,Bullet Train,2022,Lagoon
2021-09-14,Fri,1:50 PM,Three Thousand Years of Longing,2022,Lagoon
2021-09-15,Fri,4:40 PM,Three Thousand Years of Longing,2022,Lagoon
2021-09-16,Fri,7:15 PM,Three Thousand Years of Longing,2022,Lagoon
2021-09-17,Fri,1:50 PM,See How They Run,2022,Lagoon
2021-09-18,Fri,4:40 PM,See How They Run,2022,Lagoon
2021-09-19,Fri,7:15 PM,See How They Run,2022,Lagoon
2021-09-20,Fri,1:55 PM,Don't Worry Darling,2022,Lagoon
2021-09-21,Fri,4:45 PM,Don't Worry Darling,2022,Lagoon
2021-09-22,Fri,7:05 PM,Don't Worry Darling,2022,Lagoon
2021-09-23,Fri,9:30 PM,Don't Worry Darling,2022,Lagoon
2021-09-24,Fri,1:55 PM,The Woman King,2022,Lagoon
2021-09-25,Fri,4:45 PM,The Woman King,2022,Lagoon
2021-09-26,Fri,7:05 PM,The Woman King,2022,Lagoon
2021-09-27,Fri,9:30 PM,The Woman King,2022,Lagoon
2021-09-28,Fri,1:50 PM,Amsterdam,2022,Lagoon
2021-09-29,Fri,4:40 PM,Amsterdam,2022,Lagoon
2021-09-30,Fri,7:15 PM,Amsterdam,2022,Lagoon
2021-10-01,Fri,1:50 PM,Tár,2022,Lagoon
2021-10-02,Fri,4:40 PM,Tár,2022,Lagoon
2021-10-03,Fri,7:15 PM,Tár,2022,Lagoon
2021-10-04,Fri,2:10 PM,Triangle of Sadness,2022,Lagoon
2021-10-05,Fri,4:35 PM,Triangle of Sadness,2022,Lagoon
2021-10-06,Fri,7:20 PM,Triangle of Sadness,2022,Lagoon
2021-10-07,Fri,1:55 PM,Ticket to Paradise,2022,Lagoon
2021-10-08,Fri,4:45 PM,Ticket to Paradise,2022,Lagoon
2021-10-09,Fri,7:05 PM,Ticket to Paradise,2022,Lagoon
2021-10-10,Fri,9:30 PM,Ticket to Paradise,2022,Lagoon
2021-10-11,Fri,1:50 PM,The Banshees of Inisherin,2022,Lagoon
2021-10-12,Fri,4:40 PM,The Banshees of Inisherin,2022,Lagoon
2021-10-13,Fri,7:15 PM,The Banshees of Inisherin,2022,Lagoon
2021-10-14,Fri,1:45 PM,Black Adam,2022,Lagoon
2021-10-15,Fri,4:30 PM,Black Adam,2022,Lagoon
2021-10-16,Fri,7:05 PM,Black Adam,2022,Lagoon
2021-10-17,Fri,9:30 PM,Black Adam,2022,Lagoon
2021-10-18,Fri,1:45 PM,Black Panther: Wakanda Forever,2022,Lagoon
2021-10-19,Fri,4:15 PM,Black Panther: Wakanda Forever,2022,Lagoon
2021-10-20,Fri,7:00 PM,Black Panther: Wakanda Forever,2022,Lagoon
2021-10-21,Fri,9:15 PM,Black Panther: Wakanda Forever,2022,Lagoon
2021-10-22,Fri,1:50 PM,The Whale,2022,Lagoon
2021-10-23,Fri,4:40 PM,The Whale,2022,Lagoon
2021-10-24,Fri,7:15 PM,The Whale,2022,Lagoon
2021-10-25,Wed,4:30 PM,Puss in Boots: The Last Wish,2022,Lagoon
2021-10-26,Wed,7:05 PM,Puss in Boots: The Last Wish,2022,Lagoon
2021-10-27,Wed,9:30 PM,Puss in Boots: The Last Wish,2022,Lagoon
2021-10-28,Fri,1:45 PM,Avatar: The Way of Water,2022,Lagoon
2021-10-29,Fri,4:15 PM,Avatar: The Way of Water,2022,Lagoon
2021-10-30,Fri,7:00 PM,Avatar: The Way of Water,2022,Lagoon
2021-10-31,Fri,9:15 PM,Avatar: The Way of Water,2022,Lagoon
2021-11-01,Fri,2:10 PM,Women Talking,2022,Lagoon
2021-11-02,Fri,4:35 PM,Women Talking,2022,Lagoon
2021-11-03,Fri,7:20 PM,Women Talking,2022,Lagoon
2021-11-04,Sun,1:50 PM,A Man Called Otto,2022,Lagoon
2021-11-05,Sun,4:40 PM,A Man Called Otto,2022,Lagoon
2021-11-06,Sun,7:15 PM,A Man Called Otto,2022,Lagoon
2021-11-07,Sun,1:55 PM,Babylon,2022,Lagoon
2021-11-08,Sun,4:45 PM,Babylon,2022,Lagoon
2021-11-09,Sun,7:05 PM,Babylon,2022,Lagoon
2021-11-10,Sun,9:30 PM,Babylon,2022,Lagoon
2021-11-11,Sun,1:50 PM,The Fabelmans,2022,Lagoon
2021-11-12,Sun,4:40 PM,The Fabelmans,2022,Lagoon
2021-11-13,Sun,7:15 PM,The Fabelmans,2022,Lagoon
2021-11-14,Fri,1:45 PM,Pathaan,2023,Lagoon
2021-11-15,Fri,4:30 PM,Pathaan,2023,Lagoon
2021-11-16,Fri,7:05 PM,Pathaan,2023,Lagoon
2021-11-17,Fri,9:30 PM,Pathaan,2023,Lagoon
2021-11-18,Fri,1:45 PM,M3GAN,2022,Lagoon
2021-11-19,Fri,4:30 PM,M3GAN,2022,Lagoon
2021-11-20,Fri,7:05 PM,M3GAN,2022,Lagoon
2021-11-21,Fri,9:30 PM,M3GAN,2022,Lagoon
2021-11-22,Fri,2:10 PM,Infinity Pool,2023,Lagoon
2021-11-23,Fri,4:35 PM,Infinity Pool,2023,Lagoon
2021-11-24,Fri,7:20 PM,Infinity Pool,2023,Lagoon
2021-11-25,Fri,1:45 PM,Ant-Man and the Wasp: Quantumania,2023,Lagoon
2021-11-26,Fri,4:15 PM,Ant-Man and the Wasp: Quantumania,2023,Lagoon
2021-11-27,Fri,7:00 PM,Ant-Man and the Wasp: Quantumania,2023,Lagoon
2021-11-28,Fri,9:15 PM,Ant-Man and the Wasp: Quantumania,2023,Lagoon
2021-11-29,Fri,1:45 PM,Creed III,2023,Lagoon
2021-11-30,Fri,4:30 PM,Creed III,2023,Lagoon
2021-12-01,Fri,7:05 PM,Creed III,2023,Lagoon
2021-12-02,Fri,9:30 PM,Creed III,2023,Lagoon
2021-12-03,Fri,1:45 PM,Scream VI,2023,Lagoon
2021-12-04,Fri,4:30 PM,Scream VI,2023,Lagoon
2021-12-05,Fri,7:05 PM,Scream VI,2023,Lagoon
2021-12-06,Fri,9:30 PM,Scream VI,2023,Lagoon
2021-12-07,Fri,1:45 PM,John Wick: Chapter 4,2023,Lagoon
2021-12-08,Fri,4:30 PM,John Wick: Chapter 4,2023,Lagoon
2021-12-09,Fri,7:05 PM,John Wick: Chapter 4,2023,Lagoon
2021-12-10,Fri,9:30 PM,John Wick: Chapter 4,2023,Lagoon
2021-12-11,Fri,1:45 PM,The Super Mario Bros. Movie,2023,Lagoon
2021-12-12,Fri,4:15 PM,The Super Mario Bros. Movie,2023,Lagoon
2021-12-13,Fri,7:00 PM,The Super Mario Bros. Movie,2023,Lagoon
2021-12-14,Fri,9:15 PM,The Super Mario Bros. Movie,2023,Lagoon
2021-12-15,Fri,1:50 PM,"Are You There God? It's Me, Margaret.",2023,Lagoon
2021-12-16,Fri,4:40 PM,"Are You There God? It's Me, Margaret.",2023,Lagoon
2021-12-17,Fri,7:15 PM,"Are You There God? It's Me, Margaret.",2023,Lagoon
2021-12-18,Fri,1:45 PM,Guardians of the Galaxy Vol. 3,2023,Lagoon
2021-12-19,Fri,4:15 PM,Guardians of the Galaxy Vol. 3,2023,Lagoon
2021-12-20,Fri,7:00 PM,Guardians of the Galaxy Vol. 3,2023,Lagoon
2021-12-21,Fri,9:15 PM,Guardians of the Galaxy Vol. 3,2023,Lagoon
2021-12-22,Fri,1:45 PM,Fast X,2023,Lagoon
2021-12-23,Fri,4:30 PM,Fast X,2023,Lagoon
2021-12-24,Fri,7:05 PM,Fast X,2023,Lagoon
2021-12-25,Fri,9:30 PM,Fast X,2023,Lagoon
2021-12-26,Fri,1:45 PM,The Little Mermaid,2023,Lagoon
2021-12-27,Fri,4:30 PM,The Little Mermaid,2023,Lagoon
2021-12-28,Fri,7:05 PM,The Little Mermaid,2023,Lagoon
2021-12-29,Fri,9:30 PM,The Little Mermaid,2023,Lagoon
2021-12-30,Fri,1:45 PM,Spider-Man: Across the Spider-Verse,2023,Lagoon
2021-12-31,Fri,4:30 PM,Spider-Man: Across the Spider-Verse,2023,Lagoon
2022-01-01,Fri,7:05 PM,Spider-Man: Across the Spider-Verse,2023,Lagoon
2022-01-02,Fri,9:30 PM,Spider-Man: Across the Spider-Verse,2023,Lagoon
2022-01-03,Fri,1:50 PM,Asteroid City,2023,Lagoon
2022-01-04,Fri,4:40 PM,Asteroid City,2023,Lagoon
2022-01-05,Fri,7:15 PM,Asteroid City,2023,Lagoon
2022-01-06,Fri,1:45 PM,The Flash,2023,Lagoon
2022-01-07,Fri,4:30 PM,The Flash,2023,Lagoon
2022-01-08,Fri,7:05 PM,The Flash,2023,Lagoon
2022-01-09,Fri,9:30 PM,The Flash,2023,Lagoon
2022-01-10,Fri,1:45 PM,Indiana Jones and the Dial of Destiny,2023,Lagoon
2022-01-11,Fri,4:30 PM,Indiana Jones and the Dial of Destiny,2023,Lagoon
2022-01-12,Fri,7:05 PM,Indiana Jones and the Dial of Destiny,2023,Lagoon
2022-01-13,Fri,9:30 PM,Indiana Jones and the Dial of Destiny,2023,Lagoon
2022-01-14,Thu,7:00 PM,Tenet (2020) — REVIVAL,2020,Lagoon
2022-01-15,Wed,4:30 PM,Mission: Impossible — Dead Reckoning,2023,Lagoon
2022-01-16,Wed,7:05 PM,Mission: Impossible — Dead Reckoning,2023,Lagoon
2022-01-17,Wed,9:30 PM,Mission: Impossible — Dead Reckoning,2023,Lagoon
2022-01-18,Fri,2:00 PM,Barbie,2023,Lagoon
2022-01-19,Fri,4:00 PM,Barbie,2023,Lagoon
2022-01-20,Fri,4:30 PM,Barbie,2023,Lagoon
2022-01-21,Fri,7:00 PM,Barbie,2023,Lagoon
2022-01-22,Fri,7:15 PM,Barbie,2023,Lagoon
2022-01-23,Fri,9:30 PM,Barbie,2023,Lagoon
2022-01-24,Fri,9:45 PM,Barbie,2023,Lagoon
2022-01-25,Fri,1:45 PM,Oppenheimer,2023,Lagoon
2022-01-26,Fri,4:30 PM,Oppenheimer,2023,Lagoon
2022-01-27,Fri,7:05 PM,Oppenheimer,2023,Lagoon
2022-01-28,Fri,9:30 PM,Oppenheimer,2023,Lagoon
2022-01-29,Fri,1:55 PM,Haunted Mansion,2023,Lagoon
2022-01-30,Fri,4:45 PM,Haunted Mansion,2023,Lagoon
2022-01-31,Fri,7:05 PM,Haunted Mansion,2023,Lagoon
2022-02-01,Fri,9:30 PM,Haunted Mansion,2023,Lagoon
2022-02-02,Fri,7:30 PM,Pee-wee's Big Adventure — REVIVAL,1985,Lagoon
2022-02-03,Fri,1:45 PM,Teenage Mutant Ninja Turtles: Mutant Mayhem,2023,Lagoon
2022-02-04,Fri,4:30 PM,Teenage Mutant Ninja Turtles: Mutant Mayhem,2023,Lagoon
2022-02-05,Fri,7:05 PM,Teenage Mutant Ninja Turtles: Mutant Mayhem,2023,Lagoon
2022-02-06,Fri,9:30 PM,Teenage Mutant Ninja Turtles: Mutant Mayhem,2023,Lagoon
2022-02-07,Fri,1:55 PM,Gran Turismo,2023,Lagoon
2022-02-08,Fri,4:45 PM,Gran Turismo,2023,Lagoon
2022-02-09,Fri,7:05 PM,Gran Turismo,2023,Lagoon
2022-02-10,Fri,9:30 PM,Gran Turismo,2023,Lagoon
2022-02-11,Fri,1:55 PM,Blue Beetle,2023,Lagoon
2022-02-12,Fri,4:45 PM,Blue Beetle,2023,Lagoon
2022-02-13,Fri,7:05 PM,Blue Beetle,2023,Lagoon
2022-02-14,Fri,9:30 PM,Blue Beetle,2023,Lagoon
2022-02-15,Fri,1:55 PM,The Nun II,2023,Lagoon
2022-02-16,Fri,4:45 PM,The Nun II,2023,Lagoon
2022-02-17,Fri,7:05 PM,The Nun II,2023,Lagoon
2022-02-18,Fri,9:30 PM,The Nun II,2023,Lagoon
2022-02-19,Fri,1:50 PM,A Haunting in Venice,2023,Lagoon
2022-02-20,Fri,4:40 PM,A Haunting in Venice,2023,Lagoon
2022-02-21,Fri,7:15 PM,A Haunting in Venice,2023,Lagoon
2022-02-22,Fri,1:55 PM,The Creator,2023,Lagoon
2022-02-23,Fri,4:45 PM,The Creator,2023,Lagoon
2022-02-24,Fri,7:05 PM,The Creator,2023,Lagoon
2022-02-25,Fri,9:30 PM,The Creator,2023,Lagoon
2022-02-26,Fri,1:50 PM,Dumb Money,2023,Lagoon
2022-02-27,Fri,4:40 PM,Dumb Money,2023,Lagoon
2022-02-28,Fri,7:15 PM,Dumb Money,2023,Lagoon
2022-03-01,Fri,1:55 PM,Saw X,2023,Lagoon
2022-03-02,Fri,4:45 PM,Saw X,2023,Lagoon
2022-03-03,Fri,7:05 PM,Saw X,2023,Lagoon
2022-03-04,Fri,9:30 PM,Saw X,2023,Lagoon
2022-03-05,Fri,1:55 PM,Killers of the Flower Moon,2023,Lagoon
2022-03-06,Fri,4:45 PM,Killers of the Flower Moon,2023,Lagoon
2022-03-07,Fri,7:05 PM,Killers of the Flower Moon,2023,Lagoon
2022-03-08,Fri,9:30 PM,Killers of the Flower Moon,2023,Lagoon
2022-03-09,Fri,1:55 PM,Taylor Swift: The Eras Tour,2023,Lagoon
2022-03-10,Fri,4:45 PM,Taylor Swift: The Eras Tour,2023,Lagoon
2022-03-11,Fri,7:05 PM,Taylor Swift: The Eras Tour,2023,Lagoon
2022-03-12,Fri,9:30 PM,Taylor Swift: The Eras Tour,2023,Lagoon
2022-03-13,Fri,1:45 PM,Five Nights at Freddy's,2023,Lagoon
2022-03-14,Fri,4:30 PM,Five Nights at Freddy's,2023,Lagoon
2022-03-15,Fri,7:05 PM,Five Nights at Freddy's,2023,Lagoon
2022-03-16,Fri,9:30 PM,Five Nights at Freddy's,2023,Lagoon
2022-03-17,Thu,7:00 PM,Dogtooth (2009) — SECRET MOVIE,2009,Lagoon
2022-03-18,Fri,1:45 PM,The Marvels,2023,Lagoon
2022-03-19,Fri,4:30 PM,The Marvels,2023,Lagoon
2022-03-20,Fri,7:05 PM,The Marvels,2023,Lagoon
2022-03-21,Fri,9:30 PM,The Marvels,2023,Lagoon
2022-03-22,Fri,1:50 PM,The Holdovers,2023,Lagoon
2022-03-23,Fri,4:40 PM,The Holdovers,2023,Lagoon
2022-03-24,Fri,7:15 PM,The Holdovers,2023,Lagoon
2022-03-25,Wed,4:45 PM,Wish,2023,Lagoon
2022-03-26,Wed,7:05 PM,Wish,2023,Lagoon
2022-03-27,Wed,4:45 PM,Napoleon,2023,Lagoon
2022-03-28,Wed,7:05 PM,Napoleon,2023,Lagoon
2022-03-29,Wed,4:40 PM,Saltburn,2023,Lagoon
2022-03-30,Wed,7:15 PM,Saltburn,2023,Lagoon
2022-03-31,Fri,1:55 PM,The Boy and the Heron,2023,Lagoon
2022-04-01,Fri,4:45 PM,The Boy and the Heron,2023,Lagoon
2022-04-02,Fri,7:05 PM,The Boy and the Heron,2023,Lagoon
2022-04-03,Fri,9:30 PM,The Boy and the Heron,2023,Lagoon
2022-04-04,Fri,1:45 PM,Wonka,2023,Lagoon
2022-04-05,Fri,4:30 PM,Wonka,2023,Lagoon
2022-04-06,Fri,7:05 PM,Wonka,2023,Lagoon
2022-04-07,Fri,9:30 PM,Wonka,2023,Lagoon
2022-04-08,Fri,1:45 PM,Aquaman and the Lost Kingdom,2023,Lagoon
2022-04-09,Fri,4:30 PM,Aquaman and the Lost Kingdom,2023,Lagoon
2022-04-10,Fri,7:05 PM,Aquaman and the Lost Kingdom,2023,Lagoon
2022-04-11,Fri,9:30 PM,Aquaman and the Lost Kingdom,2023,Lagoon
2022-04-12,Fri,1:50 PM,American Fiction,2023,Lagoon
2022-04-13,Fri,4:40 PM,American Fiction,2023,Lagoon
2022-04-14,Fri,7:15 PM,American Fiction,2023,Lagoon
2022-04-15,Mon,4:40 PM,Poor Things,2023,Lagoon
2022-04-16,Mon,7:15 PM,Poor Things,2023,Lagoon
2022-04-17,Mon,4:40 PM,Ferrari,2023,Lagoon
2022-04-18,Mon,7:15 PM,Ferrari,2023,Lagoon
2022-04-19,Fri,1:55 PM,Mean Girls (musical),2024,Lagoon
2022-04-20,Fri,4:45 PM,Mean Girls (musical),2024,Lagoon
2022-04-21,Fri,7:05 PM,Mean Girls (musical),2024,Lagoon
2022-04-22,Fri,9:30 PM,Mean Girls (musical),2024,Lagoon
2022-04-23,Fri,7:00 PM,Pet Shop Boys Dreamworld — CONCERT,2024,Lagoon
2022-04-24,Fri,1:55 PM,Argylle,2024,Lagoon
2022-04-25,Fri,4:45 PM,Argylle,2024,Lagoon
2022-04-26,Fri,7:05 PM,Argylle,2024,Lagoon
2022-04-27,Fri,9:30 PM,Argylle,2024,Lagoon
2022-04-28,Wed,4:45 PM,Bob Marley: One Love,2024,Lagoon
2022-04-29,Wed,7:05 PM,Bob Marley: One Love,2024,Lagoon
2022-04-30,Fri,1:45 PM,Dune: Part Two,2024,Lagoon
2022-05-01,Fri,4:15 PM,Dune: Part Two,2024,Lagoon
2022-05-02,Fri,7:00 PM,Dune: Part Two,2024,Lagoon
2022-05-03,Fri,9:15 PM,Dune: Part Two,2024,Lagoon
2022-05-04,Fri,1:55 PM,Ghostbusters: Frozen Empire,2024,Lagoon
2022-05-05,Fri,4:45 PM,Ghostbusters: Frozen Empire,2024,Lagoon
2022-05-06,Fri,7:05 PM,Ghostbusters: Frozen Empire,2024,Lagoon
2022-05-07,Fri,9:30 PM,Ghostbusters: Frozen Empire,2024,Lagoon
2022-05-08,Fri,2:10 PM,Immaculate,2024,Lagoon
2022-05-09,Fri,4:35 PM,Immaculate,2024,Lagoon
2022-05-10,Fri,7:20 PM,Immaculate,2024,Lagoon
2022-05-11,Fri,1:45 PM,Monkey Man,2024,Lagoon
2022-05-12,Fri,4:30 PM,Monkey Man,2024,Lagoon
2022-05-13,Fri,7:05 PM,Monkey Man,2024,Lagoon
2022-05-14,Fri,9:30 PM,Monkey Man,2024,Lagoon
2022-05-15,Fri,1:45 PM,Civil War,2024,Lagoon
2022-05-16,Fri,4:30 PM,Civil War,2024,Lagoon
2022-05-17,Fri,7:05 PM,Civil War,2024,Lagoon
2022-05-18,Fri,9:30 PM,Civil War,2024,Lagoon
2022-05-19,Fri,1:55 PM,Abigail,2024,Lagoon
2022-05-20,Fri,4:45 PM,Abigail,2024,Lagoon
2022-05-21,Fri,7:05 PM,Abigail,2024,Lagoon
2022-05-22,Fri,9:30 PM,Abigail,2024,Lagoon
2022-05-23,Fri,1:50 PM,Challengers,2024,Lagoon
2022-05-24,Fri,4:40 PM,Challengers,2024,Lagoon
2022-05-25,Fri,7:15 PM,Challengers,2024,Lagoon
2022-05-26,Fri,1:45 PM,The Fall Guy,2024,Lagoon
2022-05-27,Fri,4:30 PM,The Fall Guy,2024,Lagoon
2022-05-28,Fri,7:05 PM,The Fall Guy,2024,Lagoon
2022-05-29,Fri,9:30 PM,The Fall Guy,2024,Lagoon
2022-05-30,Fri,1:45 PM,Kingdom of the Planet of the Apes,2024,Lagoon
2022-05-31,Fri,4:30 PM,Kingdom of the Planet of the Apes,2024,Lagoon
2022-06-01,Fri,7:05 PM,Kingdom of the Planet of the Apes,2024,Lagoon
2022-06-02,Fri,9:30 PM,Kingdom of the Planet of the Apes,2024,Lagoon
2022-06-03,Fri,2:10 PM,I Saw the TV Glow,2024,Lagoon
2022-06-04,Fri,4:35 PM,I Saw the TV Glow,2024,Lagoon
2022-06-05,Fri,7:20 PM,I Saw the TV Glow,2024,Lagoon
2022-06-06,Fri,1:45 PM,Furiosa,2024,Lagoon
2022-06-07,Fri,4:30 PM,Furiosa,2024,Lagoon
2022-06-08,Fri,7:05 PM,Furiosa,2024,Lagoon
2022-06-09,Fri,9:30 PM,Furiosa,2024,Lagoon
2022-06-10,Fri,1:45 PM,Inside Out 2,2024,Lagoon
2022-06-11,Fri,4:15 PM,Inside Out 2,2024,Lagoon
2022-06-12,Fri,7:00 PM,Inside Out 2,2024,Lagoon
2022-06-13,Fri,9:15 PM,Inside Out 2,2024,Lagoon
2022-06-14,Fri,2:10 PM,Hit Man,2024,Lagoon
2022-06-15,Fri,4:35 PM,Hit Man,2024,Lagoon
2022-06-16,Fri,7:20 PM,Hit Man,2024,Lagoon
2022-06-17,Fri,1:45 PM,A Quiet Place: Day One,2024,Lagoon
2022-06-18,Fri,4:30 PM,A Quiet Place: Day One,2024,Lagoon
2022-06-19,Fri,7:05 PM,A Quiet Place: Day One,2024,Lagoon
2022-06-20,Fri,9:30 PM,A Quiet Place: Day One,2024,Lagoon
2022-06-21,Fri,1:50 PM,Kinds of Kindness,2024,Lagoon
2022-06-22,Fri,4:40 PM,Kinds of Kindness,2024,Lagoon
2022-06-23,Fri,7:15 PM,Kinds of Kindness,2024,Lagoon
2022-06-24,Fri,1:55 PM,Despicable Me 4,2024,Lagoon
2022-06-25,Fri,4:45 PM,Despicable Me 4,2024,Lagoon
2022-06-26,Fri,7:05 PM,Despicable Me 4,2024,Lagoon
2022-06-27,Fri,9:30 PM,Despicable Me 4,2024,Lagoon
2022-06-28,Fri,1:50 PM,Longlegs,2024,Lagoon
2022-06-29,Fri,4:40 PM,Longlegs,2024,Lagoon
2022-06-30,Fri,7:15 PM,Longlegs,2024,Lagoon
2022-07-01,Fri,1:45 PM,Alien: Romulus,2024,Lagoon
2022-07-02,Fri,4:30 PM,Alien: Romulus,2024,Lagoon
2022-07-03,Fri,7:05 PM,Alien: Romulus,2024,Lagoon
2022-07-04,Fri,9:30 PM,Alien: Romulus,2024,Lagoon
2022-07-05,Fri,1:55 PM,Blink Twice,2024,Lagoon
2022-07-06,Fri,4:45 PM,Blink Twice,2024,Lagoon
2022-07-07,Fri,7:05 PM,Blink Twice,2024,Lagoon
2022-07-08,Fri,9:30 PM,Blink Twice,2024,Lagoon
2022-07-09,Fri,1:45 PM,Deadpool & Wolverine,2024,Lagoon
2022-07-10,Fri,4:15 PM,Deadpool & Wolverine,2024,Lagoon
2022-07-11,Fri,7:00 PM,Deadpool & Wolverine,2024,Lagoon
2022-07-12,Fri,9:15 PM,Deadpool & Wolverine,2024,Lagoon
2022-07-13,Fri,1:50 PM,The Substance,2024,Lagoon
2022-07-14,Fri,4:40 PM,The Substance,2024,Lagoon
2022-07-15,Fri,7:15 PM,The Substance,2024,Lagoon
2022-07-16,Fri,1:45 PM,Beetlejuice Beetlejuice,2024,Lagoon
2022-07-17,Fri,4:30 PM,Beetlejuice Beetlejuice,2024,Lagoon
2022-07-18,Fri,7:05 PM,Beetlejuice Beetlejuice,2024,Lagoon
2022-07-19,Fri,9:30 PM,Beetlejuice Beetlejuice,2024,Lagoon
2022-07-20,Fri,1:55 PM,Speak No Evil,2024,Lagoon
2022-07-21,Fri,4:45 PM,Speak No Evil,2024,Lagoon
2022-07-22,Fri,7:05 PM,Speak No Evil,2024,Lagoon
2022-07-23,Fri,9:30 PM,Speak No Evil,2024,Lagoon
2022-07-24,Fri,1:50 PM,Megalopolis,2024,Lagoon
2022-07-25,Fri,4:40 PM,Megalopolis,2024,Lagoon
2022-07-26,Fri,7:15 PM,Megalopolis,2024,Lagoon
2022-07-27,Fri,1:45 PM,Joker: Folie à Deux,2024,Lagoon
2022-07-28,Fri,4:30 PM,Joker: Folie à Deux,2024,Lagoon
2022-07-29,Fri,7:05 PM,Joker: Folie à Deux,2024,Lagoon
2022-07-30,Fri,9:30 PM,Joker: Folie à Deux,2024,Lagoon
2022-07-31,Fri,1:50 PM,The Apprentice,2024,Lagoon
2022-08-01,Fri,4:40 PM,The Apprentice,2024,Lagoon
2022-08-02,Fri,7:15 PM,The Apprentice,2024,Lagoon
2022-08-03,Fri,7:00 PM,Blade (1998) — REVIVAL,1998,Lagoon
2022-08-04,Fri,1:50 PM,Piece by Piece,2024,Lagoon
2022-08-05,Fri,4:40 PM,Piece by Piece,2024,Lagoon
2022-08-06,Fri,7:15 PM,Piece by Piece,2024,Lagoon
2022-08-07,Fri,1:45 PM,Venom: The Last Dance,2024,Lagoon
2022-08-08,Fri,4:30 PM,Venom: The Last Dance,2024,Lagoon
2022-08-09,Fri,7:05 PM,Venom: The Last Dance,2024,Lagoon
2022-08-10,Fri,9:30 PM,Venom: The Last Dance,2024,Lagoon
2022-08-11,Fri,7:00 PM,Deep Blue Sea (1999) — REVIVAL,1999,Lagoon
2022-08-12,Fri,1:55 PM,The Wild Robot,2024,Lagoon
2022-08-13,Fri,4:45 PM,The Wild Robot,2024,Lagoon
2022-08-14,Fri,7:05 PM,The Wild Robot,2024,Lagoon
2022-08-15,Fri,9:30 PM,The Wild Robot,2024,Lagoon
2022-08-16,Fri,7:00 PM,Tom Petty Heartbreakers Beach Party — CONCERT,2024,Lagoon
2022-08-17,Fri,2:45 PM,Tom Petty Heartbreakers Beach Party — CONCERT,2024,Lagoon
2022-08-18,Fri,1:50 PM,Heretic,2024,Lagoon
2022-08-19,Fri,4:40 PM,Heretic,2024,Lagoon
2022-08-20,Fri,7:15 PM,Heretic,2024,Lagoon
2022-08-21,Fri,1:45 PM,Wicked,2024,Lagoon
2022-08-22,Fri,4:15 PM,Wicked,2024,Lagoon
2022-08-23,Fri,7:00 PM,Wicked,2024,Lagoon
2022-08-24,Fri,9:15 PM,Wicked,2024,Lagoon
2022-08-25,Fri,1:45 PM,Gladiator II,2024,Lagoon
2022-08-26,Fri,4:30 PM,Gladiator II,2024,Lagoon
2022-08-27,Fri,7:05 PM,Gladiator II,2024,Lagoon
2022-08-28,Fri,9:30 PM,Gladiator II,2024,Lagoon
2022-08-29,Fri,1:45 PM,Moana 2,2024,Lagoon
2022-08-30,Fri,4:15 PM,Moana 2,2024,Lagoon
2022-08-31,Fri,7:00 PM,Moana 2,2024,Lagoon
2022-09-01,Fri,9:15 PM,Moana 2,2024,Lagoon
2022-09-02,Fri,1:55 PM,Sonic the Hedgehog 3,2024,Lagoon
2022-09-03,Fri,4:45 PM,Sonic the Hedgehog 3,2024,Lagoon
2022-09-04,Fri,7:05 PM,Sonic the Hedgehog 3,2024,Lagoon
2022-09-05,Fri,9:30 PM,Sonic the Hedgehog 3,2024,Lagoon
2022-09-06,Fri,1:50 PM,Nosferatu (2024),2024,Lagoon
2022-09-07,Fri,4:40 PM,Nosferatu (2024),2024,Lagoon
2022-09-08,Fri,7:15 PM,Nosferatu (2024),2024,Lagoon
2022-09-09,Wed,4:40 PM,Babygirl,2024,Lagoon
2022-09-10,Wed,7:15 PM,Babygirl,2024,Lagoon
2022-09-11,Wed,4:40 PM,A Complete Unknown,2024,Lagoon
2022-09-12,Wed,7:15 PM,A Complete Unknown,2024,Lagoon
2022-09-13,Wed,4:35 PM,Flow,2024,Lagoon
2022-09-14,Wed,7:20 PM,Flow,2024,Lagoon
2022-09-15,Wed,7:00 PM,The Last Showgirl,2025,Lagoon
2022-09-16,Fri,1:55 PM,Den of Thieves 2,2025,Lagoon
2022-09-17,Fri,4:45 PM,Den of Thieves 2,2025,Lagoon
2022-09-18,Fri,7:05 PM,Den of Thieves 2,2025,Lagoon
2022-09-19,Fri,9:30 PM,Den of Thieves 2,2025,Lagoon
2022-09-20,Wed,4:40 PM,Presence,2025,Lagoon
2022-09-21,Wed,7:15 PM,Presence,2025,Lagoon
2022-09-22,Wed,4:45 PM,Dog Man,2025,Lagoon
2022-09-23,Wed,7:05 PM,Dog Man,2025,Lagoon
2022-09-24,Fri,1:45 PM,Captain America: Brave New World,2025,Lagoon
2022-09-25,Fri,4:15 PM,Captain America: Brave New World,2025,Lagoon
2022-09-26,Fri,7:00 PM,Captain America: Brave New World,2025,Lagoon
2022-09-27,Fri,9:15 PM,Captain America: Brave New World,2025,Lagoon
2022-09-28,Fri,1:55 PM,Paddington in Peru,2024,Lagoon
2022-09-29,Fri,4:45 PM,Paddington in Peru,2024,Lagoon
2022-09-30,Fri,7:05 PM,Paddington in Peru,2024,Lagoon
2022-10-01,Fri,9:30 PM,Paddington in Peru,2024,Lagoon
2022-10-02,Fri,7:00 PM,Novocaine,2025,Lagoon
2022-10-03,Fri,1:45 PM,Mickey 17,2025,Lagoon
2022-10-04,Fri,4:30 PM,Mickey 17,2025,Lagoon
2022-10-05,Fri,7:05 PM,Mickey 17,2025,Lagoon
2022-10-06,Fri,9:30 PM,Mickey 17,2025,Lagoon
2022-10-07,Wed,12:00 PM,Maps to the Stars (2014) — REVIVAL,2014,Lagoon
2022-10-08,Fri,1:45 PM,Sinners,2025,Lagoon
2022-10-09,Fri,4:30 PM,Sinners,2025,Lagoon
2022-10-10,Fri,7:05 PM,Sinners,2025,Lagoon
2022-10-11,Fri,9:30 PM,Sinners,2025,Lagoon
2022-10-12,Wed,2:00 PM,Good Time (2017) — REVIVAL,2017,Lagoon
2022-10-13,Wed,4:15 PM,A Minecraft Movie,2025,Lagoon
2022-10-14,Wed,7:00 PM,A Minecraft Movie,2025,Lagoon
2022-10-15,Wed,9:15 PM,A Minecraft Movie,2025,Lagoon
2022-10-16,Fri,1:50 PM,Warfare,2025,Lagoon
2022-10-17,Fri,4:40 PM,Warfare,2025,Lagoon
2022-10-18,Fri,7:15 PM,Warfare,2025,Lagoon
2022-10-19,Fri,7:00 PM,Drop,2025,Lagoon
2022-10-20,Fri,1:45 PM,Thunderbolts*,2025,Lagoon
2022-10-21,Fri,4:15 PM,Thunderbolts*,2025,Lagoon
2022-10-22,Fri,7:00 PM,Thunderbolts*,2025,Lagoon
2022-10-23,Fri,9:15 PM,Thunderbolts*,2025,Lagoon
2022-10-24,Fri,1:45 PM,Mission: Impossible — The Final Reckoning,2025,Lagoon
2022-10-25,Fri,4:30 PM,Mission: Impossible — The Final Reckoning,2025,Lagoon
2022-10-26,Fri,7:05 PM,Mission: Impossible — The Final Reckoning,2025,Lagoon
2022-10-27,Fri,9:30 PM,Mission: Impossible — The Final Reckoning,2025,Lagoon
2022-10-28,Fri,1:45 PM,Lilo & Stitch,2025,Lagoon
2022-10-29,Fri,4:30 PM,Lilo & Stitch,2025,Lagoon
2022-10-30,Fri,7:05 PM,Lilo & Stitch,2025,Lagoon
2022-10-31,Fri,9:30 PM,Lilo & Stitch,2025,Lagoon
2022-11-01,Fri,1:50 PM,Eddington,2025,Lagoon
2022-11-02,Fri,4:40 PM,Eddington,2025,Lagoon
2022-11-03,Fri,7:15 PM,Eddington,2025,Lagoon
2022-11-04,Fri,1:45 PM,F1,2025,Lagoon
2022-11-05,Fri,4:30 PM,F1,2025,Lagoon
2022-11-06,Fri,7:05 PM,F1,2025,Lagoon
2022-11-07,Fri,9:30 PM,F1,2025,Lagoon
2022-11-08,Fri,1:45 PM,Jurassic World Rebirth,2025,Lagoon
2022-11-09,Fri,4:30 PM,Jurassic World Rebirth,2025,Lagoon
2022-11-10,Fri,7:05 PM,Jurassic World Rebirth,2025,Lagoon
2022-11-11,Fri,9:30 PM,Jurassic World Rebirth,2025,Lagoon
2022-11-12,Fri,7:00 PM,Licorice Pizza (2021) — PTA REVIVAL,2021,Lagoon
2022-11-13,Fri,1:45 PM,Fantastic Four: First Steps,2025,Lagoon
2022-11-14,Fri,4:15 PM,Fantastic Four: First Steps,2025,Lagoon
2022-11-15,Fri,7:00 PM,Fantastic Four: First Steps,2025,Lagoon
2022-11-16,Fri,9:15 PM,Fantastic Four: First Steps,2025,Lagoon
2022-11-17,Fri,1:40 PM,Roger Waters — Live from Prague — CONCERT,2025,Lagoon
2022-11-18,Fri,7:00 PM,There Will Be Blood (2007) — PTA REVIVAL,2007,Lagoon
2022-11-19,Fri,7:00 PM,Phantom Thread (2017) — PTA REVIVAL,2017,Lagoon
2022-11-20,Fri,1:55 PM,One Battle After Another,2025,Lagoon
2022-11-21,Fri,4:45 PM,One Battle After Another,2025,Lagoon
2022-11-22,Fri,7:05 PM,One Battle After Another,2025,Lagoon
2022-11-23,Fri,9:30 PM,One Battle After Another,2025,Lagoon
2022-11-24,Fri,7:00 PM,Nosferatu (1922) w/ Radiohead sync — SPECIAL,1922,Lagoon
2022-11-25,Fri,7:00 PM,$5 Secret Movie [2h 40m] — SECRET,2025,Lagoon
2022-11-26,Fri,7:00 PM,East of Wall,2025,Lagoon
2022-11-27,Fri,1:45 PM,Wicked: For Good,2025,Lagoon
2022-11-28,Fri,4:15 PM,Wicked: For Good,2025,Lagoon
2022-11-29,Fri,7:00 PM,Wicked: For Good,2025,Lagoon
2022-11-30,Fri,9:15 PM,Wicked: For Good,2025,Lagoon
2022-12-01,Fri,1:50 PM,It Was Just an Accident,2025,Lagoon
2022-12-02,Fri,4:40 PM,It Was Just an Accident,2025,Lagoon
2022-12-03,Fri,7:15 PM,It Was Just an Accident,2025,Lagoon
2022-12-04,Fri,2:10 PM,Bring Them Down,2024,Lagoon
2022-12-05,Fri,4:35 PM,Bring Them Down,2024,Lagoon
2022-12-06,Fri,7:20 PM,Bring Them Down,2024,Lagoon
2022-12-07,Thu,12:00 PM,Live at the Met: Arabella — OPERA,2025,Lagoon
2022-12-08,Fri,1:45 PM,Gladiator III,2025,Lagoon
2022-12-09,Fri,4:30 PM,Gladiator III,2025,Lagoon
2022-12-10,Fri,7:05 PM,Gladiator III,2025,Lagoon
2022-12-11,Fri,9:30 PM,Gladiator III,2025,Lagoon
2022-12-12,Fri,1:55 PM,The Cure: The Show of a Lost World — CONCERT,2025,Lagoon
2022-12-13,Fri,4:45 PM,The Cure: The Show of a Lost World — CONCERT,2025,Lagoon
2022-12-14,Fri,7:05 PM,The Cure: The Show of a Lost World — CONCERT,2025,Lagoon
2022-12-15,Fri,9:30 PM,The Cure: The Show of a Lost World — CONCERT,2025,Lagoon
2022-12-16,Fri,7:00 PM,$5 Secret Movie [2h 21m] — SECRET,2025,Lagoon
2022-12-17,Fri,7:00 PM,Eleanor the Great,2025,Lagoon
2022-12-18,Fri,2:00 PM,A Ghost Story (2017) — REVIVAL,2017,Lagoon
2022-12-19,Thu,4:40 PM,Bring Her Back,2025,Lagoon
2022-12-20,Thu,7:15 PM,Bring Her Back,2025,Lagoon
2022-12-21,Thu,7:00 PM,Tenet (2020),2020,Lagoon
2022-12-22,Thu,7:30 PM,Pee-wee's Big Adventure (1985),1985,Lagoon
2022-12-23,Thu,7:00 PM,Dogtooth (2009),2009,Lagoon
2022-12-24,Thu,7:00 PM,Blade (1998),1998,Lagoon
2022-12-25,Thu,7:00 PM,The Last Showgirl (2025),2025,Lagoon
2022-12-26,Thu,1:40 PM,Roger Waters — This Is Not a Drill: Live from Prague (2025),2025,Lagoon
2022-12-27,Thu,7:00 PM,Licorice Pizza (2021),2021,Lagoon
2022-12-28,Thu,7:00 PM,Nosferatu (1922) with Radiohead sync,1922,Lagoon
2022-12-29,Thu,12:00 PM,Live at the Met: Arabella (opera),2025,Lagoon
